target,model,origin,horizon_step,period_index,actual,forecast,lower,upper
actionable_probability_mass,naive,12,1,12,0.0,0.7507969862262419,0.0,1.427001375378925
actionable_probability_mass,naive,12,2,13,0.4747068174892888,0.7507969862262419,0.0,1.7070944043021805
actionable_probability_mass,naive,14,1,14,0.0,0.4747068174892888,0.0,1.110611692309293
actionable_probability_mass,naive,14,2,15,0.0,0.4747068174892888,0.0,1.3740121158389043
actionable_probability_mass,naive,16,1,16,0.0,0.0,0.0,0.5956053604873253
actionable_probability_mass,naive,16,2,17,0.0,0.0,0.0,0.8423131786232918
actionable_probability_mass,naive,18,1,18,0.8775562599634154,0.0,0.0,0.5553058461546465
actionable_probability_mass,naive,18,2,19,0.0,0.0,0.0,0.7853210588969686
actionable_probability_mass,naive,20,1,20,0.0,0.0,0.0,0.6911229085673948
actionable_probability_mass,naive,20,2,21,0.0,0.0,0.0,0.9773953905627503
actionable_probability_mass,naive,22,1,22,0.0,0.0,0.0,0.676204389152683
actionable_probability_mass,naive,22,2,23,0.0,0.0,0.0,0.9562974180759386
actionable_probability_mass,naive,24,1,24,0.0,0.0,0.0,0.6359048748200042
actionable_probability_mass,naive,24,2,25,0.0,0.0,0.0,0.8993052983496154
actionable_probability_mass,naive,26,1,26,0.0,0.0,0.0,0.5956053604873256
actionable_probability_mass,naive,26,2,27,0.0,0.0,0.0,0.8423131786232922
actionable_probability_mass,naive,28,1,28,0.0,0.0,0.0,0.555305846154647
actionable_probability_mass,naive,28,2,29,0.0,0.0,0.0,0.7853210588969692
actionable_probability_mass,naive,30,1,30,0.0,0.0,0.0,0.5150063318219675
actionable_probability_mass,naive,30,2,31,0.0,0.0,0.0,0.728328939170645
actionable_probability_mass,naive,32,1,32,0.0,0.0,0.0,0.4747068174892888
actionable_probability_mass,naive,32,2,33,0.0,0.0,0.0,0.6713368194443218
actionable_probability_mass,naive,34,1,34,0.3572097058644798,0.0,0.0,0.47396247616598425
actionable_probability_mass,naive,34,2,35,0.0,0.0,0.0,0.6702841618498698
actionable_probability_mass,naive,36,1,36,0.0,0.0,0.0,0.4732181348426797
actionable_probability_mass,naive,36,2,37,0.0,0.0,0.0,0.6692315042554178
actionable_probability_mass,naive,38,1,38,0.0,0.0,0.0,0.47247379351937524
actionable_probability_mass,naive,38,2,39,0.0,0.0,0.0,0.6681788466609658
actionable_probability_mass,naive,40,1,40,0.0,0.0,0.0,0.4717294521960707
actionable_probability_mass,naive,40,2,41,0.0,0.0,0.0,0.6671261890665139
actionable_probability_mass,naive,42,1,42,0.0,0.0,0.0,0.4709851108727662
actionable_probability_mass,naive,42,2,43,0.0,0.0,0.0,0.6660735314720618
actionable_probability_mass,naive,44,1,44,0.0,0.0,0.0,0.4482300298711094
actionable_probability_mass,naive,44,2,45,0.0,0.0,0.0,0.6338929873066205
actionable_probability_mass,naive,46,1,46,0.0,0.0,0.0,0.4254749488694518
actionable_probability_mass,naive,46,2,47,0.0,0.0,0.0,0.601712443141178
actionable_probability_mass,naive,48,1,48,0.0,0.0,0.0,0.4027198678677942
actionable_probability_mass,naive,48,2,49,0.0,0.0,0.0,0.5695318989757354
actionable_probability_mass,naive,50,1,50,0.5179237057210372,0.0,0.0,0.3799647868661374
actionable_probability_mass,naive,50,2,51,0.5545450699846328,0.0,0.0,0.537351354810294
actionable_probability_mass,naive,52,1,52,0.0,0.5545450699846328,0.07983825249534388,1.025530180857399
actionable_probability_mass,naive,52,2,53,0.0,0.5545450699846328,0.0,1.2206186014566947
actionable_probability_mass,naive,54,1,54,0.0,0.0,0.0,0.4482300298711094
actionable_probability_mass,naive,54,2,55,0.0,0.0,0.0,0.6338929873066205
actionable_probability_mass,naive,56,1,56,0.0,0.0,0.0,0.4254749488694518
actionable_probability_mass,naive,56,2,57,0.0,0.0,0.0,0.601712443141178
actionable_probability_mass,naive,58,1,58,0.0,0.0,0.0,0.4027198678677942
actionable_probability_mass,naive,58,2,59,0.0,0.0,0.0,0.5695318989757354
actionable_probability_mass,naive,60,1,60,0.0,0.0,0.0,0.3799647868661374
actionable_probability_mass,naive,60,2,61,0.0,0.0,0.0,0.537351354810294
actionable_probability_mass,naive,62,1,62,0.0,0.0,0.0,0.3572097058644798
actionable_probability_mass,naive,62,2,63,0.3486549908129756,0.0,0.0,0.5051708106448515
actionable_probability_mass,naive,64,1,64,0.0,0.3486549908129756,0.0,0.7041537536671545
actionable_probability_mass,naive,64,2,65,0.0,0.3486549908129756,0.0,0.8514061626482121
actionable_probability_mass,naive,66,1,66,0.0,0.0,0.0,0.35378781984387814
actionable_probability_mass,naive,66,2,67,0.0,0.0,0.0,0.5003315330256217
actionable_probability_mass,naive,68,1,68,0.0,0.0,0.0,0.35207687683357725
actionable_probability_mass,naive,68,2,69,0.5081170016051968,0.0,0.0,0.49791189421600673
actionable_probability_mass,naive,70,1,70,0.0,0.5081170016051968,0.036387549409126085,0.8880817884713341
actionable_probability_mass,naive,70,2,71,0.0,0.5081170016051968,0.0,1.0454683564154907
actionable_probability_mass,naive,72,1,72,0.5441053470867225,0.0,0.0,0.3572097058644798
actionable_probability_mass,naive,72,2,73,0.0,0.0,0.0,0.5051708106448515
actionable_probability_mass,naive,74,1,74,0.0,0.0,0.0,0.4482300298711086
actionable_probability_mass,naive,74,2,75,0.5112215962029143,0.0,0.0,0.6338929873066194
actionable_probability_mass,naive,76,1,76,0.3528092722819265,0.5112215962029143,0.016468668244080664,0.9844397310455941
actionable_probability_mass,naive,76,2,77,0.0,0.5112215962029143,0.0,1.1804531004583323
actionable_probability_mass,naive,78,1,78,0.0,0.0,0.0,0.47247379351937524
actionable_probability_mass,naive,78,2,79,0.0,0.0,0.0,0.6681788466609658
actionable_probability_mass,naive,80,1,80,0.0,0.0,0.0,0.4717294521960707
actionable_probability_mass,naive,80,2,81,0.0,0.0,0.0,0.6671261890665139
actionable_probability_mass,naive,82,1,82,0.0,0.0,0.0,0.4709851108727662
actionable_probability_mass,naive,82,2,83,0.3594509757342988,0.0,0.0,0.6660735314720618
actionable_probability_mass,naive,84,1,84,0.0,0.3594509757342988,0.0,0.8081292595793712
actionable_probability_mass,naive,84,2,85,0.0,0.3594509757342988,0.0,0.9939778898902853
actionable_probability_mass,naive,86,1,86,0.0,0.0,0.0,0.4263714568173802
actionable_probability_mass,naive,86,2,87,0.0,0.0,0.0,0.6029802968399136
actionable_probability_mass,naive,88,1,88,0.0,0.0,0.0,0.4040646297896864
actionable_probability_mass,naive,88,2,89,0.0,0.0,0.0,0.5714336795238383
actionable_probability_mass,naive,90,1,90,0.0,0.0,0.0,0.38175780276199256
actionable_probability_mass,naive,90,2,91,0.0,0.0,0.0,0.539887062207763
actionable_probability_mass,naive,92,1,92,0.0,0.0,0.0,0.3594509757342988
actionable_probability_mass,naive,92,2,93,0.0,0.0,0.0,0.5083404448916877
actionable_probability_mass,naive,94,1,94,0.0,0.0,0.0,0.359002721760335
actionable_probability_mass,naive,94,2,95,0.0,0.0,0.0,0.5077065180423205
actionable_probability_mass,naive,96,1,96,0.0,0.0,0.0,0.35855446778637123
actionable_probability_mass,naive,96,2,97,0.0,0.0,0.0,0.5070725911929532
actionable_probability_mass,naive,98,1,98,0.0,0.0,0.0,0.3581062138124074
actionable_probability_mass,naive,98,2,99,0.0,0.0,0.0,0.506438664343586
actionable_probability_mass,naive,100,1,100,0.0,0.0,0.0,0.3576579598384436
actionable_probability_mass,naive,100,2,101,0.0,0.0,0.0,0.5058047374942187
actionable_probability_mass,naive,102,1,102,0.0,0.0,0.0,0.3572097058644798
actionable_probability_mass,naive,102,2,103,0.0,0.0,0.0,0.5051708106448515
actionable_probability_mass,naive,104,1,104,0.43524416262512,0.0,0.0,0.3554987628541789
actionable_probability_mass,naive,104,2,105,0.0,0.0,0.0,0.5027511718352365
actionable_probability_mass,naive,106,1,106,0.0,0.0,0.0,0.35855446778637123
actionable_probability_mass,naive,106,2,107,0.0,0.0,0.0,0.5070725911929532
actionable_probability_mass,naive,108,1,108,0.0,0.0,0.0,0.3581062138124074
actionable_probability_mass,naive,108,2,109,0.0,0.0,0.0,0.506438664343586
actionable_probability_mass,naive,110,1,110,0.0,0.0,0.0,0.3576579598384436
actionable_probability_mass,naive,110,2,111,3.44480621866376,0.0,0.0,0.5058047374942187
actionable_probability_mass,naive,112,1,112,1.9096506040024297,3.44480621866376,3.085355242929461,3.8042571943980588
actionable_probability_mass,naive,112,2,113,3.891809400615239,3.44480621866376,2.936465773772072,3.9531466635554473
actionable_probability_mass,naive,114,1,114,2.9955446264856245,3.891809400615239,3.471723875368283,4.311894925862195
actionable_probability_mass,naive,114,2,115,0.912506686080536,3.891809400615239,3.297718753454369,4.485900047776109
actionable_probability_mass,naive,116,1,116,0.5435059971769587,0.912506686080536,0.4392885512378562,1.3174335739493281
actionable_probability_mass,naive,116,2,117,0.5277457521369908,0.912506686080536,0.2432751818251181,1.4851597826741114
actionable_probability_mass,naive,118,1,118,0.0,0.5277457521369908,0.05527195861761558,0.9175140026276185
actionable_probability_mass,naive,118,2,119,0.0,0.5277457521369908,0.0,1.0789612981632701
actionable_probability_mass,naive,120,1,120,0.0,0.0,0.0,0.37460961311246327
actionable_probability_mass,naive,120,2,121,0.5080002896059868,0.0,0.0,0.5297779954589836
actionable_probability_mass,naive,122,1,122,0.5280101413359624,0.5080002896059868,0.033293472116697864,0.9432444522311068
actionable_probability_mass,naive,122,2,123,0.401555825299013,0.5080002896059868,0.0,1.1235284873341524
actionable_probability_mass,naive,124,1,124,0.0,0.401555825299013,0.0,0.8216413505459685
actionable_probability_mass,naive,124,2,125,0.990931679097512,0.401555825299013,0.0,0.9956464724598828
actionable_probability_mass,naive,126,1,126,0.0,0.990931679097512,0.5177135442548322,1.44762041067122
actionable_probability_mass,naive,126,2,127,0.5578843566286896,0.990931679097512,0.3217001748420941,1.6367870770720159
actionable_probability_mass,naive,128,1,128,0.0,0.5578843566286896,0.06981346549303757,1.0303581501480648
actionable_probability_mass,naive,128,2,129,0.0,0.5578843566286896,0.0,1.2260632032896555
actionable_probability_mass,naive,130,1,130,0.0,0.0,0.0,0.4717294521960707
actionable_probability_mass,naive,130,2,131,0.0,0.0,0.0,0.6671261890665139
actionable_probability_mass,naive,132,1,132,0.0,0.0,0.0,0.4709851108727662
actionable_probability_mass,naive,132,2,133,0.5016993406604939,0.0,0.0,0.6660735314720618
actionable_probability_mass,naive,134,1,134,0.0,0.5016993406604939,0.00026437587847860655,0.9756618168264781
actionable_probability_mass,naive,134,2,135,0.0,0.5016993406604939,0.0,1.1719835025103638
actionable_probability_mass,naive,136,1,136,0.4951377072503446,0.0,0.0,0.47321813484267977
actionable_probability_mass,naive,136,2,137,0.0,0.0,0.0,0.6692315042554179
actionable_probability_mass,naive,138,1,138,0.0,0.0,0.0,0.4828791733937112
actionable_probability_mass,naive,138,2,139,0.5396641573325185,0.0,0.0,0.6828942760008958
actionable_probability_mass,naive,140,1,140,0.0,0.5396641573325185,0.03668128448308394,1.036114191264893
actionable_probability_mass,naive,140,2,141,0.490509703418659,0.5396641573325185,0.0,1.241750528360266
actionable_probability_mass,naive,142,1,142,0.8149813368420911,0.490509703418659,0.0,0.9856474106690036
actionable_probability_mass,naive,142,2,143,0.0,0.490509703418659,0.0,1.1907401642544155
actionable_probability_mass,naive,144,1,144,0.4283692935606201,0.0,0.0,0.4942121064840075
actionable_probability_mass,naive,144,2,145,1.0707124094532765,0.0,0.0,0.6989214636786597
actionable_probability_mass,naive,146,1,146,1.466912628595356,1.0707124094532765,0.5508181575290032,1.5697870967497107
actionable_probability_mass,naive,146,2,147,0.5660047874385372,1.0707124094532765,0.33547090738215457,1.7765106008650051
actionable_probability_mass,naive,148,1,148,0.907782489000545,0.5660047874385372,0.03349167322333524,1.0637671480529416
actionable_probability_mass,naive,148,2,149,0.4295192706689538,0.5660047874385372,0.0,1.2699470686582752
actionable_probability_mass,naive,150,1,150,0.0,0.4295192706689538,0.0,0.9259693046013284
actionable_probability_mass,naive,150,2,151,0.4357687131898422,0.4295192706689538,0.0,1.131605641696701
actionable_probability_mass,naive,152,1,152,0.939098412871056,0.4357687131898422,0.0,0.9309064204401869
actionable_probability_mass,naive,152,2,153,0.4275891376595596,0.4357687131898422,0.0,1.1359991740255988
actionable_probability_mass,naive,154,1,154,0.0,0.4275891376595596,0.0,0.9279761516380238
actionable_probability_mass,naive,154,2,155,1.470561318566998,0.4275891376595596,0.0,1.1352432392632792
actionable_probability_mass,naive,156,1,156,0.4953701893695992,1.470561318566998,0.9493101572002047,1.9732388746399239
actionable_probability_mass,naive,156,2,157,0.6354096769345648,1.470561318566998,0.7334008567593523,2.181454735865892
actionable_probability_mass,naive,158,1,158,0.0,0.6354096769345648,0.10289656271936287,1.1377611612033467
actionable_probability_mass,naive,158,2,159,0.0,0.6354096769345648,0.0,1.3458419590657307
actionable_probability_mass,naive,160,1,160,0.5800632125254277,0.0,0.0,0.5020254124646379
actionable_probability_mass,naive,160,2,161,1.3911324457793728,0.0,0.0,0.7099711469634381
actionable_probability_mass,naive,162,1,162,1.017828887491562,1.3911324457793728,0.8514682884468543,1.8991327353853595
actionable_probability_mass,naive,162,2,163,0.0,1.3911324457793728,0.6279320753530773,2.109553345029619
actionable_probability_mass,naive,164,1,164,0.0,0.0,0.0,0.5070661716210322
actionable_probability_mass,naive,164,2,165,0.0,0.0,0.0,0.7170998569270671
actionable_probability_mass,naive,166,1,166,0.0,0.0,0.0,0.5061320536360775
actionable_probability_mass,naive,166,2,167,0.0,0.0,0.0,0.7157788146038876
actionable_probability_mass,naive,168,1,168,0.0,0.0,0.0,0.505197935651123
actionable_probability_mass,naive,168,2,169,0.0,0.0,0.0,0.7144577722807084
actionable_probability_mass,naive,170,1,170,0.0,0.0,0.0,0.5042638176661685
actionable_probability_mass,naive,170,2,171,0.0,0.0,0.0,0.713136729957529
actionable_probability_mass,naive,172,1,172,0.0,0.0,0.0,0.5033296996812138
actionable_probability_mass,naive,172,2,173,0.0,0.0,0.0,0.7118156876343494
actionable_probability_mass,naive,174,1,174,0.5096123265386545,0.0,0.0,0.5030036278770699
actionable_probability_mass,naive,174,2,175,0.4366014418972328,0.0,0.0,0.7113545524666217
actionable_probability_mass,naive,176,1,176,1.044097448719256,0.4366014418972328,0.0,0.9427334955333103
actionable_probability_mass,naive,176,2,177,0.991478440361898,0.4366014418972328,0.0,1.1523802565011203
actionable_probability_mass,naive,178,1,178,0.516949552947876,0.991478440361898,0.45896532614669605,1.499525414767569
actionable_probability_mass,naive,178,2,179,0.0,0.991478440361898,0.23839117209722638,1.7099653618890145
actionable_probability_mass,naive,180,1,180,0.8981660363312793,0.0,0.0,0.5080236320058288
actionable_probability_mass,naive,180,2,181,0.9494105328178822,0.0,0.0,0.7184539103886814
actionable_probability_mass,naive,182,1,182,0.5524034726320426,0.9494105328178822,0.4216647806808914,1.457527534423079
actionable_probability_mass,naive,182,2,183,0.5204824975521292,0.9494105328178822,0.20306533266095994,1.6679964877603033
actionable_probability_mass,naive,184,1,184,0.4913962000387968,0.5204824975521292,0.0,1.028576156757484
actionable_probability_mass,naive,184,2,185,0.0,0.5204824975521292,0.0,1.2390354413561153
actionable_probability_mass,naive,186,1,186,5.478097900087287,0.0,0.0,0.5080703168055127
actionable_probability_mass,naive,186,2,187,1.030309381271616,0.0,0.0,0.7185199326655511
actionable_probability_mass,naive,188,1,188,0.4765221464784964,1.030309381271616,0.497796267056414,1.5390245128501958
actionable_probability_mass,naive,188,2,189,0.8704999053222775,1.030309381271616,0.2772221130069443,1.749741219734457
actionable_probability_mass,naive,190,1,190,0.968684185434698,0.8704999053222775,0.3299475100389182,1.3789159719141657
actionable_probability_mass,naive,190,2,191,0.0,0.8704999053222775,0.10604337673928843,1.5895088020249086
actionable_probability_mass,naive,192,1,192,0.0,0.0,0.0,0.5081170016051968
actionable_probability_mass,naive,192,2,193,0.0,0.0,0.0,0.7185859549424211
actionable_probability_mass,naive,194,1,194,0.4443714694673871,0.0,0.0,0.5080936592053548
actionable_probability_mass,naive,194,2,195,4.664553450828253,0.0,0.0,0.7185529438039862
actionable_probability_mass,naive,196,1,196,0.0,4.664553450828253,4.122224579643212,5.173567647393524
actionable_probability_mass,naive,196,2,197,0.4230449608798826,4.664553450828253,3.8975846059318764,5.384408231051304
actionable_probability_mass,naive,198,1,198,0.0,0.4230449608798826,0.0,0.9317600924584624
actionable_probability_mass,naive,198,2,199,0.3945118938878325,0.4230449608798826,0.0,1.1424767993427238
actionable_probability_mass,naive,200,1,200,0.5239118201949037,0.3945118938878325,0.0,0.9029279604797208
actionable_probability_mass,naive,200,2,201,1.0849526675235128,0.3945118938878325,0.0,1.1135207905904636
actionable_probability_mass,naive,202,1,202,0.0,1.0849526675235128,0.5408473204367903,1.5945649940621673
actionable_probability_mass,naive,202,2,203,0.0,1.0849526675235128,0.31547150631374954,1.8056533312669845
actionable_probability_mass,naive,204,1,204,0.0,0.0,0.0,0.509313261551963
actionable_probability_mass,naive,204,2,205,0.4977694258197623,0.0,0.0,0.7202777219832616
actionable_probability_mass,naive,206,1,206,7.045440697420234,0.4977694258197623,0.0,1.0067836223850337
actionable_probability_mass,naive,206,2,207,22.273457775449653,0.4977694258197623,0.0,1.2176242060428137
actionable_probability_mass,naive,208,1,208,5.128998030113391,22.273457775449653,21.725479673280372,22.787360215459817
actionable_probability_mass,naive,208,2,209,26.13530330444996,22.273457775449653,21.498499711478384,23.000225575848653
actionable_probability_mass,mean,12,1,12,0.0,0.2372483107814614,0.0,1.2556992755364893
actionable_probability_mass,mean,12,2,13,0.4747068174892888,0.2372483107814614,0.0,1.677555477749985
actionable_probability_mass,mean,14,1,14,0.0,0.2965866629676225,0.0,1.1434987668008791
actionable_probability_mass,mean,14,2,15,0.0,0.2965866629676225,0.0,1.494301246346545
actionable_probability_mass,mean,16,1,16,0.0,0.23771352410852672,0.0,1.031298258065268
actionable_probability_mass,mean,16,2,17,0.0,0.23771352410852672,0.0,1.360011817762395
actionable_probability_mass,mean,18,1,18,0.8775562599634154,0.15318797546444135,0.0,0.9190977493296582
actionable_probability_mass,mean,18,2,19,0.0,0.15318797546444135,0.0,1.2363479652187412
actionable_probability_mass,mean,20,1,20,0.0,0.169032884681588,0.0,0.9209805869575038
actionable_probability_mass,mean,20,2,21,0.0,0.169032884681588,0.0,1.2324475234354746
actionable_probability_mass,mean,22,1,22,0.0,0.10969453249542692,0.0,0.8648803325896983
actionable_probability_mass,mean,22,2,23,0.0,0.10969453249542692,0.0,1.1776885331003224
actionable_probability_mass,mean,24,1,24,0.0,0.10969453249542692,0.0,0.8395284778422633
actionable_probability_mass,mean,24,2,25,0.0,0.10969453249542692,0.0,1.141835596285187
actionable_probability_mass,mean,26,1,26,0.0,0.10969453249542692,0.0,0.8141766230948286
actionable_probability_mass,mean,26,2,27,0.0,0.10969453249542692,0.0,1.1059826594700524
actionable_probability_mass,mean,28,1,28,0.0,0.0,0.0,0.788824768347394
actionable_probability_mass,mean,28,2,29,0.0,0.0,0.0,1.1155666857326996
actionable_probability_mass,mean,30,1,30,0.0,0.0,0.0,0.7634729135999594
actionable_probability_mass,mean,30,2,31,0.0,0.0,0.0,1.0797137489175648
actionable_probability_mass,mean,32,1,32,0.0,0.0,0.0,0.7433377265188862
actionable_probability_mass,mean,32,2,33,0.0,0.0,0.0,1.0512382942665917
actionable_probability_mass,mean,34,1,34,0.3572097058644798,0.0,0.0,0.7284192071041742
actionable_probability_mass,mean,34,2,35,0.0,0.0,0.0,1.0301403217797795
actionable_probability_mass,mean,36,1,36,0.0,0.044651213233059976,0.0,0.7135006876894624
actionable_probability_mass,mean,36,2,37,0.0,0.044651213233059976,0.0,0.9905472111954213
actionable_probability_mass,mean,38,1,38,0.0,0.044651213233059976,0.0,0.698582168274751
actionable_probability_mass,mean,38,2,39,0.0,0.044651213233059976,0.0,0.9694492387086101
actionable_probability_mass,mean,40,1,40,0.0,0.044651213233059976,0.0,0.6836636488600389
actionable_probability_mass,mean,40,2,41,0.0,0.044651213233059976,0.0,0.948351266221798
actionable_probability_mass,mean,42,1,42,0.0,0.044651213233059976,0.0,0.6560546319863433
actionable_probability_mass,mean,42,2,43,0.0,0.044651213233059976,0.0,0.90930622011523
actionable_probability_mass,mean,44,1,44,0.0,0.0,0.0,0.6157551176536653
actionable_probability_mass,mean,44,2,45,0.0,0.0,0.0,0.8708092384864543
actionable_probability_mass,mean,46,1,46,0.0,0.0,0.0,0.5754556033209859
actionable_probability_mass,mean,46,2,47,0.0,0.0,0.0,0.8138171187601302
actionable_probability_mass,mean,48,1,48,0.0,0.0,0.0,0.5351560889883079
actionable_probability_mass,mean,48,2,49,0.0,0.0,0.0,0.7568249990338081
actionable_probability_mass,mean,50,1,50,0.5179237057210372,0.0,0.0,0.4948565746556285
actionable_probability_mass,mean,50,2,51,0.5545450699846328,0.0,0.0,0.6998328793074838
actionable_probability_mass,mean,52,1,52,0.0,0.13405859696320876,0.0,0.5508829335582732
actionable_probability_mass,mean,52,2,53,0.0,0.13405859696320876,0.0,0.723537226903117
actionable_probability_mass,mean,54,1,54,0.0,0.13405859696320876,0.0,0.5435586607055543
actionable_probability_mass,mean,54,2,55,0.0,0.13405859696320876,0.0,0.7131791409002807
actionable_probability_mass,mean,56,1,56,0.0,0.13405859696320876,0.0,0.5362343878528351
actionable_probability_mass,mean,56,2,57,0.0,0.13405859696320876,0.0,0.7028210548974441
actionable_probability_mass,mean,58,1,58,0.0,0.13405859696320876,0.0,0.5289101150001161
actionable_probability_mass,mean,58,2,59,0.0,0.13405859696320876,0.0,0.6924629688946078
actionable_probability_mass,mean,60,1,60,0.0,0.0,0.0,0.5215858421473968
actionable_probability_mass,mean,60,2,61,0.0,0.0,0.0,0.7376337719066409
actionable_probability_mass,mean,62,1,62,0.0,0.0,0.0,0.5136020168978623
actionable_probability_mass,mean,62,2,63,0.3486549908129756,0.0,0.0,0.7263429379591325
actionable_probability_mass,mean,64,1,64,0.0,0.04358187385162195,0.0,0.5049586392515129
actionable_probability_mass,mean,64,2,65,0.0,0.04358187385162195,0.0,0.6960671528439774
actionable_probability_mass,mean,66,1,66,0.0,0.04358187385162195,0.0,0.496315261605163
actionable_probability_mass,mean,66,2,67,0.0,0.04358187385162195,0.0,0.683843570951797
actionable_probability_mass,mean,68,1,68,0.0,0.04358187385162195,0.0,0.4876718839588135
actionable_probability_mass,mean,68,2,69,0.5081170016051968,0.04358187385162195,0.0,0.6716199890596172
actionable_probability_mass,mean,70,1,70,0.0,0.10709649905227155,0.0,0.5090976720167809
actionable_probability_mass,mean,70,2,71,0.0,0.10709649905227155,0.0,0.6756120099485731
actionable_probability_mass,mean,72,1,72,0.5441053470867225,0.0635146252006496,0.0,0.504775983193606
actionable_probability_mass,mean,72,2,73,0.0,0.0635146252006496,0.0,0.6875524222254581
actionable_probability_mass,mean,74,1,74,0.0,0.13152779358648992,0.0,0.5149816944862851
actionable_probability_mass,mean,74,2,75,0.5112215962029143,0.13152779358648992,0.0,0.673813500783849
actionable_probability_mass,mean,76,1,76,0.3528092722819265,0.1954304931118542,0.0,0.5145726509619757
actionable_probability_mass,mean,76,2,77,0.0,0.1954304931118542,0.0,0.6467656610685112
actionable_probability_mass,mean,78,1,78,0.0,0.17601702694644542,0.0,0.5132322290583512
actionable_probability_mass,mean,78,2,79,0.0,0.17601702694644542,0.0,0.6529113392114869
actionable_probability_mass,mean,80,1,80,0.0,0.17601702694644542,0.0,0.5118918071547267
actionable_probability_mass,mean,80,2,81,0.0,0.17601702694644542,0.0,0.6510156963760793
actionable_probability_mass,mean,82,1,82,0.0,0.1080038585606051,0.0,0.5109111367431426
actionable_probability_mass,mean,82,2,83,0.3594509757342988,0.1080038585606051,0.0,0.677800795745179
actionable_probability_mass,mean,84,1,84,0.0,0.08903253100202815,0.0,0.5102902178235991
actionable_probability_mass,mean,84,2,85,0.0,0.08903253100202815,0.0,0.6847808649590116
actionable_probability_mass,mean,86,1,86,0.0,0.04493137196678735,0.0,0.5096692989040555
actionable_probability_mass,mean,86,2,87,0.0,0.04493137196678735,0.0,0.7021700511906286
actionable_probability_mass,mean,88,1,88,0.0,0.04493137196678735,0.0,0.509048379984512
actionable_probability_mass,mean,88,2,89,0.0,0.04493137196678735,0.0,0.7012919392334761
actionable_probability_mass,mean,90,1,90,0.0,0.04493137196678735,0.0,0.5084274610649685
actionable_probability_mass,mean,90,2,91,0.0,0.04493137196678735,0.0,0.7004138272763236
actionable_probability_mass,mean,92,1,92,0.0,0.0,0.0,0.5047759831936062
actionable_probability_mass,mean,92,2,93,0.0,0.0,0.0,0.7138610413926114
actionable_probability_mass,mean,94,1,94,0.0,0.0,0.0,0.4980939463704245
actionable_probability_mass,mean,94,2,95,0.0,0.0,0.0,0.7044112142929914
actionable_probability_mass,mean,96,1,96,0.0,0.0,0.0,0.4914119095472428
actionable_probability_mass,mean,96,2,97,0.0,0.0,0.0,0.6949613871933714
actionable_probability_mass,mean,98,1,98,0.0,0.0,0.0,0.4847298727240611
actionable_probability_mass,mean,98,2,99,0.0,0.0,0.0,0.6855115600937515
actionable_probability_mass,mean,100,1,100,0.0,0.0,0.0,0.47804783590087985
actionable_probability_mass,mean,100,2,101,0.0,0.0,0.0,0.6760617329941321
actionable_probability_mass,mean,102,1,102,0.0,0.0,0.0,0.47433464682763654
actionable_probability_mass,mean,102,2,103,0.0,0.0,0.0,0.6708104906470959
actionable_probability_mass,mean,104,1,104,0.43524416262512,0.0,0.0,0.473590305504332
actionable_probability_mass,mean,104,2,105,0.0,0.0,0.0,0.6697578330526438
actionable_probability_mass,mean,106,1,106,0.0,0.05440552032814,0.0,0.4728459641810275
actionable_probability_mass,mean,106,2,107,0.0,0.05440552032814,0.0,0.6461696710703111
actionable_probability_mass,mean,108,1,108,0.0,0.05440552032814,0.0,0.47210162285772295
actionable_probability_mass,mean,108,2,109,0.0,0.05440552032814,0.0,0.645117013475859
actionable_probability_mass,mean,110,1,110,0.0,0.05440552032814,0.0,0.47135728153441847
actionable_probability_mass,mean,110,2,111,3.44480621866376,0.05440552032814,0.0,0.6440643558814072
actionable_probability_mass,mean,112,1,112,1.9096506040024297,0.48500629766111,0.0,0.48500629766111
actionable_probability_mass,mean,112,2,113,3.891809400615239,0.48500629766111,0.0,0.48500629766111
actionable_probability_mass,mean,114,1,114,2.9955446264856245,1.1557832779101784,0.0,1.1557832779101784
actionable_probability_mass,mean,114,2,115,0.912506686080536,1.1557832779101784,0.0,1.1557832779101784
actionable_probability_mass,mean,116,1,116,0.5435059971769587,1.6442896919809487,0.0,1.6442896919809487
actionable_probability_mass,mean,116,2,117,0.5277457521369908,1.6442896919809487,0.0,1.6442896919809487
actionable_probability_mass,mean,118,1,118,0.0,1.7781961606451921,0.0,1.7781961606451921
actionable_probability_mass,mean,118,2,119,0.0,1.7781961606451921,0.0,1.7781961606451921
actionable_probability_mass,mean,120,1,120,0.0,1.3475953833122223,0.0,1.3475953833122223
actionable_probability_mass,mean,120,2,121,0.5080002896059868,1.3475953833122223,0.0,1.3475953833122223
actionable_probability_mass,mean,122,1,122,0.5280101413359624,0.685912918935762,0.0,0.685912918935762
actionable_probability_mass,mean,122,2,123,0.401555825299013,0.685912918935762,0.0,0.685912918935762
actionable_probability_mass,mean,124,1,124,0.0,0.313602250694364,0.0,0.5388572404246599
actionable_probability_mass,mean,124,2,125,0.990931679097512,0.313602250694364,0.0,0.6321609121631606
actionable_probability_mass,mean,126,1,126,0.0,0.3035622419173093,0.0,0.5438056721318406
actionable_probability_mass,mean,126,2,127,0.5578843566286896,0.3035622419173093,0.0,0.6433177591977337
actionable_probability_mass,mean,128,1,128,0.0,0.37329778649589546,0.0,0.5472372639560956
actionable_probability_mass,mean,128,2,129,0.0,0.37329778649589546,0.0,0.6192853545521998
actionable_probability_mass,mean,130,1,130,0.0,0.3097977502951471,0.0,0.5451493193765137
actionable_probability_mass,mean,130,2,131,0.0,0.3097977502951471,0.0,0.6426351312158041
actionable_probability_mass,mean,132,1,132,0.0,0.1936020044657752,0.0,0.5440454120957461
actionable_probability_mass,mean,132,2,133,0.5016993406604939,0.1936020044657752,0.0,0.6892038243803231
actionable_probability_mass,mean,134,1,134,0.0,0.13244796216114796,0.0,0.5439255421137934
actionable_probability_mass,mean,134,2,135,0.0,0.13244796216114796,0.0,0.7143651363426388
actionable_probability_mass,mean,136,1,136,0.4951377072503446,0.06271241758256174,0.0,0.5438056721318406
actionable_probability_mass,mean,136,2,137,0.0,0.06271241758256174,0.0,0.7430810229323637
actionable_probability_mass,mean,138,1,138,0.0,0.12460463098885483,0.0,0.5436858021498878
actionable_probability_mass,mean,138,2,139,0.5396641573325185,0.12460463098885483,0.0,0.7172749069799882
actionable_probability_mass,mean,140,1,140,0.0,0.19206265065541964,0.0,0.5435659321679351
actionable_probability_mass,mean,140,2,141,0.490509703418659,0.19206265065541964,0.0,0.6891633585890671
actionable_probability_mass,mean,142,1,142,0.8149813368420911,0.19066394600019027,0.0,0.5431218131925146
actionable_probability_mass,mean,142,2,143,0.0,0.19066394600019027,0.0,0.6891146419486707
actionable_probability_mass,mean,144,1,144,0.4283692935606201,0.29253661310545165,0.0,0.5439255421137934
actionable_probability_mass,mean,144,2,145,1.0707124094532765,0.29253661310545165,0.0,0.6480542459394958
actionable_probability_mass,mean,146,1,146,1.466912628595356,0.41802961257589566,0.0,0.5493252085356777
actionable_probability_mass,mean,146,2,147,0.5660047874385372,0.41802961257589566,0.0,0.6037096250620775
actionable_probability_mass,mean,148,1,148,0.907782489000545,0.6046862699135674,0.0,0.6046862699135674
actionable_probability_mass,mean,148,2,149,0.4295192706689538,0.6046862699135674,0.0,0.6046862699135674
actionable_probability_mass,mean,150,1,150,0.0,0.7105352769449225,0.0,0.7105352769449225
actionable_probability_mass,mean,150,2,151,0.4357687131898422,0.7105352769449225,0.0,0.7105352769449225
actionable_probability_mass,mean,152,1,152,0.939098412871056,0.6631336989883914,0.0,0.6631336989883914
actionable_probability_mass,mean,152,2,153,0.4275891376595596,0.6631336989883914,0.0,0.6631336989883914
actionable_probability_mass,mean,154,1,154,0.0,0.6465844299279813,0.0,0.6465844299279813
actionable_probability_mass,mean,154,2,155,1.470561318566998,0.6465844299279813,0.0,0.6465844299279813
actionable_probability_mass,mean,156,1,156,0.4953701893695992,0.5762899177446192,0.0,0.7135006876894625
actionable_probability_mass,mean,156,2,157,0.6354096769345648,0.5762899177446192,0.0,0.7703352495042712
actionable_probability_mass,mean,158,1,158,0.0,0.5504746810739525,0.0,0.6985821682747515
actionable_probability_mass,mean,158,2,159,0.0,0.5504746810739525,0.0,0.759930298162322
actionable_probability_mass,mean,160,1,160,0.5800632125254277,0.49600359192522214,0.0,0.6836636488600385
actionable_probability_mass,mean,160,2,161,1.3911324457793728,0.49600359192522214,0.0,0.7613949895581467
actionable_probability_mass,mean,162,1,162,1.017828887491562,0.5715671053969953,0.0,0.7433377265188864
actionable_probability_mass,mean,162,2,163,0.0,0.5715671053969953,0.0,0.8144874474048243
actionable_probability_mass,mean,164,1,164,0.0,0.5149755515125658,0.0,0.7957260316573374
actionable_probability_mass,mean,164,2,165,0.0,0.5149755515125658,0.0,0.9120166881760602
actionable_probability_mass,mean,166,1,166,0.0,0.3736280682245453,0.0,0.7828891615341664
actionable_probability_mass,mean,166,2,167,0.0,0.3736280682245453,0.0,0.9524106569346523
actionable_probability_mass,mean,168,1,168,0.0,0.3736280682245453,0.0,0.7700522914109974
actionable_probability_mass,mean,168,2,169,0.0,0.3736280682245453,0.0,0.9342565811080447
actionable_probability_mass,mean,170,1,170,0.0,0.12722861093644525,0.0,0.7572154212878265
actionable_probability_mass,mean,170,2,171,0.0,0.12722861093644525,0.0,1.0181645022515358
actionable_probability_mass,mean,172,1,172,0.0,0.0,0.0,0.7433377265188864
actionable_probability_mass,mean,172,2,173,0.0,0.0,0.0,1.0512382942665919
actionable_probability_mass,mean,174,1,174,0.5096123265386545,0.0,0.0,0.7284192071041755
actionable_probability_mass,mean,174,2,175,0.4366014418972328,0.0,0.0,1.0301403217797813
actionable_probability_mass,mean,176,1,176,1.044097448719256,0.11827672105448592,0.0,0.7135006876894625
actionable_probability_mass,mean,176,2,177,0.991478440361898,0.11827672105448592,0.0,0.9600505273191805
actionable_probability_mass,mean,178,1,178,0.516949552947876,0.3727237071896302,0.0,0.833753813778489
actionable_probability_mass,mean,178,2,179,0.0,0.3727237071896302,0.0,1.0247187365899082
actionable_probability_mass,mean,180,1,180,0.8981660363312793,0.43734240130811475,0.0,0.8212388291542232
actionable_probability_mass,mean,180,2,181,0.9494105328178822,0.43734240130811475,0.0,0.9802539361146656
actionable_probability_mass,mean,182,1,182,0.5524034726320426,0.66828947245176,0.0,0.8961050586944931
actionable_probability_mass,mean,182,2,183,0.5204824975521292,0.66828947245176,0.0,0.9904693642362106
actionable_probability_mass,mean,184,1,184,0.4913962000387968,0.6841234976702955,0.0,0.8919831034209205
actionable_probability_mass,mean,184,2,185,0.0,0.6841234976702955,0.0,0.9780813711923539
actionable_probability_mass,mean,186,1,186,5.478097900087287,0.4911010365400008,0.0,0.8878611481473473
actionable_probability_mass,mean,186,2,187,1.030309381271616,0.4911010365400008,0.0,1.0522045673837732
actionable_probability_mass,mean,188,1,188,0.4765221464784964,1.2400332525913793,0.0,1.2400332525913793
actionable_probability_mass,mean,188,2,189,0.8704999053222775,1.2400332525913793,0.0,1.2400332525913793
actionable_probability_mass,mean,190,1,190,0.968684185434698,1.1774639379228307,0.0,1.1774639379228307
actionable_probability_mass,mean,190,2,191,0.0,1.1774639379228307,0.0,1.1774639379228307
actionable_probability_mass,mean,192,1,192,0.0,1.1644387148291466,0.0,1.1644387148291466
actionable_probability_mass,mean,192,2,193,0.0,1.1644387148291466,0.0,1.1644387148291466
actionable_probability_mass,mean,194,1,194,0.4443714694673871,1.1030141898242969,0.0,1.1030141898242969
actionable_probability_mass,mean,194,2,195,4.664553450828253,1.1030141898242969,0.0,1.1030141898242969
actionable_probability_mass,mean,196,1,196,0.0,0.9280788946913889,0.0,0.9280788946913889
actionable_probability_mass,mean,196,2,197,0.4230449608798826,0.9280788946913889,0.0,0.9280788946913889
actionable_probability_mass,mean,198,1,198,0.0,0.8125817583262775,0.0,0.9204842041176923
actionable_probability_mass,mean,198,2,199,0.3945118938878325,0.8125817583262775,0.0,0.965178860577724
actionable_probability_mass,mean,200,1,200,0.5239118201949037,0.7408102218829193,0.0,0.9151658587595879
actionable_probability_mass,mean,200,2,201,1.0849526675235128,0.7408102218829193,0.0,0.9873863282301025
actionable_probability_mass,mean,202,1,202,0.0,0.9419182828477214,0.0,0.9419182828477214
actionable_probability_mass,mean,202,2,203,0.0,0.9419182828477214,0.0,0.9419182828477214
actionable_probability_mass,mean,204,1,204,0.0,0.3033026678107664,0.0,0.9311208948339005
actionable_probability_mass,mean,204,2,205,0.4977694258197623,0.3033026678107664,0.0,1.1911717191719133
actionable_probability_mass,mean,206,1,206,7.045440697420234,0.31264322592825144,0.0,0.925802549475796
actionable_probability_mass,mean,206,2,207,22.273457775449653,0.31264322592825144,0.0,1.1797814571847016
actionable_probability_mass,mean,208,1,208,5.128998030113391,3.928191548301008,0.0,3.928191548301008
actionable_probability_mass,mean,208,2,209,26.13530330444996,3.928191548301008,0.0,3.928191548301008
actionable_probability_mass,exponential_smoothing,12,1,12,0.0,0.7507969750384951,0.0,1.406479430046784
actionable_probability_mass,exponential_smoothing,12,2,13,0.4747068174892888,0.7507969750384951,0.0,1.6780719955213041
actionable_probability_mass,exponential_smoothing,14,1,14,0.0,0.47470681041560614,0.0,1.0904619198001897
actionable_probability_mass,exponential_smoothing,14,2,15,0.0,0.47470681041560614,0.0,1.3455160372078128
actionable_probability_mass,exponential_smoothing,16,1,16,0.0,1.05406086173955e-16,0.0,0.5754555942180001
actionable_probability_mass,exponential_smoothing,16,2,17,0.0,1.05406086173955e-16,0.0,0.8138171058865641
actionable_probability_mass,exponential_smoothing,18,1,18,0.8775562599634154,2.3404852761189643e-32,0.0,0.5351560790514169
actionable_probability_mass,exponential_smoothing,18,2,19,0.0,2.3404852761189643e-32,0.0,0.7568249849809221
actionable_probability_mass,exponential_smoothing,20,1,20,0.0,1.3076607091528298e-08,0.0,0.6836636546126206
actionable_probability_mass,exponential_smoothing,20,2,21,0.0,1.3076607091528298e-08,0.0,0.9668464070382154
actionable_probability_mass,exponential_smoothing,22,1,22,0.0,2.9035900553982637e-24,0.0,0.6560546245511668
actionable_probability_mass,exponential_smoothing,22,2,23,0.0,2.9035900553982637e-24,0.0,0.927801347697849
actionable_probability_mass,exponential_smoothing,24,1,24,0.0,6.447265067151572e-40,0.0,0.6157551093845831
actionable_probability_mass,exponential_smoothing,24,2,25,0.0,6.447265067151572e-40,0.0,0.8708092267922062
actionable_probability_mass,exponential_smoothing,26,1,26,0.0,1.4315804246826263e-55,0.0,0.575455594218
actionable_probability_mass,exponential_smoothing,26,2,27,0.0,1.4315804246826263e-55,0.0,0.813817105886564
actionable_probability_mass,exponential_smoothing,28,1,28,0.0,3.178747098170623e-71,0.0,0.5351560790514169
actionable_probability_mass,exponential_smoothing,28,2,29,0.0,3.178747098170623e-71,0.0,0.7568249849809221
actionable_probability_mass,exponential_smoothing,30,1,30,0.0,7.058236435698857e-87,0.0,0.49485656388483396
actionable_probability_mass,exponential_smoothing,30,2,31,0.0,7.058236435698857e-87,0.0,0.6998328640752801
actionable_probability_mass,exponential_smoothing,32,1,32,0.0,1.5672433208322138e-102,0.0,0.4743346367586645
actionable_probability_mass,exponential_smoothing,32,2,33,0.0,1.5672433208322138e-102,0.0,0.670810476407419
actionable_probability_mass,exponential_smoothing,34,1,34,0.3572097058644798,3.47997923995583e-118,0.0,0.4735902976729093
actionable_probability_mass,exponential_smoothing,34,2,35,0.0,3.47997923995583e-118,0.0,0.6697578219773396
actionable_probability_mass,exponential_smoothing,36,1,36,0.0,5.322839327777034e-09,0.0,0.47284596390999345
actionable_probability_mass,exponential_smoothing,36,2,37,0.0,5.322839327777034e-09,0.0,0.6687051728700996
actionable_probability_mass,exponential_smoothing,38,1,38,0.0,1.1819077556156708e-24,0.0,0.47210161950139895
actionable_probability_mass,exponential_smoothing,38,2,39,0.0,1.1819077556156708e-24,0.0,0.6676525131171809
actionable_probability_mass,exponential_smoothing,40,1,40,0.0,2.6243624065351208e-40,0.0,0.4713572804156438
actionable_probability_mass,exponential_smoothing,40,2,41,0.0,2.6243624065351208e-40,0.0,0.6665998586871016
actionable_probability_mass,exponential_smoothing,42,1,42,0.0,5.827255137391953e-56,0.0,0.4596075703719374
actionable_probability_mass,exponential_smoothing,42,2,43,0.0,5.827255137391953e-56,0.0,0.6499832593893407
actionable_probability_mass,exponential_smoothing,44,1,44,0.0,1.2939105647795552e-71,0.0,0.4368524893702806
actionable_probability_mass,exponential_smoothing,44,2,45,0.0,1.2939105647795552e-71,0.0,0.6178027152238992
actionable_probability_mass,exponential_smoothing,46,1,46,0.0,2.8730586016480047e-87,0.0,0.41409740836862297
actionable_probability_mass,exponential_smoothing,46,2,47,0.0,2.8730586016480047e-87,0.0,0.5856221710584566
actionable_probability_mass,exponential_smoothing,48,1,48,0.0,6.379471621293941e-103,0.0,0.3913423273669662
actionable_probability_mass,exponential_smoothing,48,2,49,0.0,6.379471621293941e-103,0.0,0.5534416268930153
actionable_probability_mass,exponential_smoothing,50,1,50,0.5179237057210372,1.416527255780662e-118,0.0,0.3685872463653086
actionable_probability_mass,exponential_smoothing,50,2,51,0.5545450699846328,1.416527255780662e-118,0.0,0.5212610827275728
actionable_probability_mass,exponential_smoothing,52,1,52,0.0,0.5545450694389319,0.08021042967943226,1.0141526398108693
actionable_probability_mass,exponential_smoothing,52,2,53,0.0,0.5545450694389319,0.0,1.2045283288282724
actionable_probability_mass,exponential_smoothing,54,1,54,0.0,1.2313374085669169e-16,0.0,0.4368524893702807
actionable_probability_mass,exponential_smoothing,54,2,55,0.0,1.2313374085669169e-16,0.0,0.6178027152238993
actionable_probability_mass,exponential_smoothing,56,1,56,0.0,2.734118284146529e-32,0.0,0.41409740836862297
actionable_probability_mass,exponential_smoothing,56,2,57,0.0,2.734118284146529e-32,0.0,0.5856221710584566
actionable_probability_mass,exponential_smoothing,58,1,58,0.0,6.070962142216206e-48,0.0,0.3913423273669662
actionable_probability_mass,exponential_smoothing,58,2,59,0.0,6.070962142216206e-48,0.0,0.5534416268930153
actionable_probability_mass,exponential_smoothing,60,1,60,0.0,1.348024390383219e-63,0.0,0.3685872463653086
actionable_probability_mass,exponential_smoothing,60,2,61,0.0,1.348024390383219e-63,0.0,0.5212610827275728
actionable_probability_mass,exponential_smoothing,62,1,62,0.0,2.9932154319194806e-79,0.0,0.32515087247615737
actionable_probability_mass,exponential_smoothing,62,2,63,0.3486549908129756,2.9932154319194806e-79,0.0,0.4598327736732265
actionable_probability_mass,exponential_smoothing,64,1,64,0.0,0.3486549856176114,0.0,0.7032982769666399
actionable_probability_mass,exponential_smoothing,64,2,65,0.0,0.3486549856176114,0.0,0.8501963380480406
actionable_probability_mass,exponential_smoothing,66,1,66,0.0,7.741695853660499e-17,0.0,0.3529323483387277
actionable_probability_mass,exponential_smoothing,66,2,67,0.0,7.741695853660499e-17,0.0,0.49912171362081426
actionable_probability_mass,exponential_smoothing,68,1,68,0.0,1.7190017972757985e-32,0.0,0.3512214053284269
actionable_probability_mass,exponential_smoothing,68,2,69,0.5081170016051968,1.7190017972757985e-32,0.0,0.4967020748111994
actionable_probability_mass,exponential_smoothing,70,1,70,0.0,0.5081169940336634,0.036759719523015766,0.876704240398972
actionable_probability_mass,exponential_smoothing,70,2,71,0.0,0.5081169940336634,0.0,1.0293780767612362
actionable_probability_mass,exponential_smoothing,72,1,72,0.5441053470867225,1.1282463719589928e-16,0.0,0.3563542343593295
actionable_probability_mass,exponential_smoothing,72,2,73,0.0,1.1282463719589928e-16,0.0,0.5039609912400441
actionable_probability_mass,exponential_smoothing,74,1,74,0.0,8.107801362558024e-09,0.0,0.43685249747808197
actionable_probability_mass,exponential_smoothing,74,2,75,0.5112215962029143,8.107801362558024e-09,0.0,0.6178027233317005
actionable_probability_mass,exponential_smoothing,76,1,76,0.3528092722819265,0.5112215885851189,0.01980968636048408,0.9840675471722731
actionable_probability_mass,exponential_smoothing,76,2,77,0.0,0.5112215885851189,0.0,1.1799267561323792
actionable_probability_mass,exponential_smoothing,78,1,78,0.0,5.2572678721316744e-09,0.0,0.47210162475866685
actionable_probability_mass,exponential_smoothing,78,2,79,0.0,5.2572678721316744e-09,0.0,0.6676525183744487
actionable_probability_mass,exponential_smoothing,80,1,80,0.0,1.1673479676525377e-24,0.0,0.4713572804156438
actionable_probability_mass,exponential_smoothing,80,2,81,0.0,1.1673479676525377e-24,0.0,0.6665998586871016
actionable_probability_mass,exponential_smoothing,82,1,82,0.0,2.5920331828744595e-40,0.0,0.45960757037193817
actionable_probability_mass,exponential_smoothing,82,2,83,0.3594509757342988,2.5920331828744595e-40,0.0,0.6499832593893416
actionable_probability_mass,exponential_smoothing,84,1,84,0.0,0.35945097037806184,0.0,0.7969758407092882
actionable_probability_mass,exponential_smoothing,84,2,85,0.0,0.35945097037806184,0.0,0.9782045758760118
actionable_probability_mass,exponential_smoothing,86,1,86,0.0,0.012675650395715467,0.0,0.42743277431347776
actionable_probability_mass,exponential_smoothing,86,2,87,0.0,0.012675650395715467,0.0,0.5992308001310734
actionable_probability_mass,exponential_smoothing,88,1,88,0.0,1.772230111718806e-32,0.0,0.3929112162758387
actionable_probability_mass,exponential_smoothing,88,2,89,0.0,1.772230111718806e-32,0.0,0.5556603708657994
actionable_probability_mass,exponential_smoothing,90,1,90,0.0,3.935141349928464e-48,0.0,0.3706043892481465
actionable_probability_mass,exponential_smoothing,90,2,91,0.0,3.935141349928464e-48,0.0,0.5241137535497264
actionable_probability_mass,exponential_smoothing,92,1,92,0.0,8.737769063690201e-64,0.0,0.3592268487473169
actionable_probability_mass,exponential_smoothing,92,2,93,0.0,8.737769063690201e-64,0.0,0.508023481467004
actionable_probability_mass,exponential_smoothing,94,1,94,0.0,1.9401744796732515e-79,0.0,0.3587785947733531
actionable_probability_mass,exponential_smoothing,94,2,95,0.0,1.9401744796732515e-79,0.0,0.5073895546176368
actionable_probability_mass,exponential_smoothing,96,1,96,0.0,4.308052758246753e-95,0.0,0.3583303407993893
actionable_probability_mass,exponential_smoothing,96,2,97,0.0,4.308052758246753e-95,0.0,0.5067556277682695
actionable_probability_mass,exponential_smoothing,98,1,98,0.0,9.565798727010917e-111,0.0,0.3578820868254255
actionable_probability_mass,exponential_smoothing,98,2,99,0.0,9.565798727010917e-111,0.0,0.5061217009189023
actionable_probability_mass,exponential_smoothing,100,1,100,0.0,2.1240339991315065e-126,0.0,0.35743383285146174
actionable_probability_mass,exponential_smoothing,100,2,101,0.0,2.1240339991315065e-126,0.0,0.5054877740695352
actionable_probability_mass,exponential_smoothing,102,1,102,0.0,4.7163029018448965e-142,0.0,0.35635423435932945
actionable_probability_mass,exponential_smoothing,102,2,103,0.0,4.7163029018448965e-142,0.0,0.5039609912400441
actionable_probability_mass,exponential_smoothing,104,1,104,0.43524416262512,1.0472296145469288e-157,0.0,0.35464329134902856
actionable_probability_mass,exponential_smoothing,104,2,105,0.0,1.0472296145469288e-157,0.0,0.5015413524304292
actionable_probability_mass,exponential_smoothing,106,1,106,0.0,6.485643329314539e-09,0.0,0.35833034728503266
actionable_probability_mass,exponential_smoothing,106,2,107,0.0,6.485643329314539e-09,0.0,0.5067556342539129
actionable_probability_mass,exponential_smoothing,108,1,108,0.0,1.4401021107423115e-24,0.0,0.3578820868254255
actionable_probability_mass,exponential_smoothing,108,2,109,0.0,1.4401021107423115e-24,0.0,0.5061217009189023
actionable_probability_mass,exponential_smoothing,110,1,110,0.0,3.1976690423148024e-40,0.0,0.35743383285146174
actionable_probability_mass,exponential_smoothing,110,2,111,3.44480621866376,3.1976690423148024e-40,0.0,0.5054877740695352
actionable_probability_mass,exponential_smoothing,112,1,112,1.9096506040024297,3.444806167332147,3.0855793239377274,3.804033016079464
actionable_probability_mass,exponential_smoothing,112,2,113,3.891809400615239,3.444806167332147,2.936782693435283,3.952829648799151
actionable_probability_mass,exponential_smoothing,114,1,114,2.9955446264856245,3.4842131942777317,3.119427579841431,3.8967052270527036
actionable_probability_mass,exponential_smoothing,114,2,115,0.912506686080536,3.4842131942777317,2.9683284309833122,4.067565021398944
actionable_probability_mass,exponential_smoothing,116,1,116,0.5435059971769587,1.4698488190460064,1.0840822495907292,1.8671477290026877
actionable_probability_mass,exponential_smoothing,116,2,117,0.5277457521369908,1.4698488190460064,0.9242925046122108,2.0317143258227923
actionable_probability_mass,exponential_smoothing,118,1,118,0.0,0.5553387909768521,0.14352875704331847,0.938263387996138
actionable_probability_mass,exponential_smoothing,118,2,119,0.0,0.5553387909768521,0.0,1.0968759494477784
actionable_probability_mass,exponential_smoothing,120,1,120,0.0,0.016529115286811582,0.0,0.387993147349509
actionable_probability_mass,exponential_smoothing,120,2,121,0.5080002896059868,0.016529115286811582,0.0,0.5418585873636725
actionable_probability_mass,exponential_smoothing,122,1,122,0.5280101413359624,0.4203425395133105,0.0012387530298109684,0.8484664385939054
actionable_probability_mass,exponential_smoothing,122,2,123,0.401555825299013,0.4203425395133105,0.0,1.025801163969138
actionable_probability_mass,exponential_smoothing,124,1,124,0.0,0.42019197361531807,0.002381465804943139,0.8342197005476304
actionable_probability_mass,exponential_smoothing,124,2,125,0.990931679097512,0.42019197361531807,0.0,1.0057156002414986
actionable_probability_mass,exponential_smoothing,126,1,126,0.0,0.8238862346328825,0.4057956912131774,1.2767975739470359
actionable_probability_mass,exponential_smoothing,126,2,127,0.5578843566286896,0.8238862346328825,0.23261691782879812,1.464399593243521
actionable_probability_mass,exponential_smoothing,128,1,128,0.0,0.4765941519203757,0.04348575659556503,0.9223178278081549
actionable_probability_mass,exponential_smoothing,128,2,129,0.0,0.4765941519203757,0.0,1.1069426194316627
actionable_probability_mass,exponential_smoothing,130,1,130,0.0,0.021015510681119932,0.0,0.4597483313884942
actionable_probability_mass,exponential_smoothing,130,2,131,0.0,0.021015510681119932,0.0,0.6414774159836921
actionable_probability_mass,exponential_smoothing,132,1,132,0.0,0.0009258562950318623,0.0,0.43160319695678734
actionable_probability_mass,exponential_smoothing,132,2,133,0.5016993406604939,0.0009258562950318623,0.0,0.6099955924656641
actionable_probability_mass,exponential_smoothing,134,1,134,0.0,0.3963543075367142,0.0,0.8560198597946194
actionable_probability_mass,exponential_smoothing,134,2,135,0.0,0.3963543075367142,0.0,1.0464195656955624
actionable_probability_mass,exponential_smoothing,136,1,136,0.4951377072503446,0.018146166518336573,0.0,0.47078281329350474
actionable_probability_mass,exponential_smoothing,136,2,137,0.0,0.018146166518336573,0.0,0.6582710512148595
actionable_probability_mass,exponential_smoothing,138,1,138,0.0,0.086157795826019,0.0,0.5578819635328458
actionable_probability_mass,exponential_smoothing,138,2,139,0.5396641573325185,0.086157795826019,0.0,0.7532765114961739
actionable_probability_mass,exponential_smoothing,140,1,140,0.0,0.4239565310741528,0.0,0.9012290181503835
actionable_probability_mass,exponential_smoothing,140,2,141,0.490509703418659,0.4239565310741528,0.0,1.098921755244896
actionable_probability_mass,exponential_smoothing,142,1,142,0.8149813368420911,0.39964411771269587,0.0,0.8737120185136302
actionable_probability_mass,exponential_smoothing,142,2,143,0.0,0.39964411771269587,0.0,1.0700773725111203
actionable_probability_mass,exponential_smoothing,144,1,144,0.4283692935606201,0.16943847670771622,0.0,0.641842443416661
actionable_probability_mass,exponential_smoothing,144,2,145,1.0707124094532765,0.16943847670771622,0.0,0.8375185733463539
actionable_probability_mass,exponential_smoothing,146,1,146,1.466912628595356,0.9028881593267268,0.4588917201791103,1.3832742593590759
actionable_probability_mass,exponential_smoothing,146,2,147,0.5660047874385372,0.9028881593267268,0.2749823734388068,1.5822566971679932
actionable_probability_mass,exponential_smoothing,148,1,148,0.907782489000545,0.7511145014355771,0.29088975398853617,1.2416814464250434
actionable_probability_mass,exponential_smoothing,148,2,149,0.4295192706689538,0.7511145014355771,0.10025842185623934,1.4448809282916164
actionable_probability_mass,exponential_smoothing,150,1,150,0.0,0.5373699394036007,0.08366267912396913,1.0249134660344386
actionable_probability_mass,exponential_smoothing,150,2,151,0.4357687131898422,0.5373699394036007,0.0,1.22686060701214
actionable_probability_mass,exponential_smoothing,152,1,152,0.939098412871056,0.36140890989588037,0.0,0.8464241030808654
actionable_probability_mass,exponential_smoothing,152,2,153,0.4275891376595596,0.36140890989588037,0.0,1.047323974055093
actionable_probability_mass,exponential_smoothing,154,1,154,0.0,0.5188012526222382,0.05770451686563621,1.0138823355827613
actionable_probability_mass,exponential_smoothing,154,2,155,1.470561318566998,0.5188012526222382,0.0,1.2189516346193696
actionable_probability_mass,exponential_smoothing,156,1,156,0.4953701893695992,1.11777072689983,0.6318439565408125,1.616761756176972
actionable_probability_mass,exponential_smoothing,156,2,157,0.6354096769345648,1.11777072689983,0.4305664979379509,1.8234506080060746
actionable_probability_mass,exponential_smoothing,158,1,158,0.0,0.6439256935334672,0.13845401076014519,1.1400809967715175
actionable_probability_mass,exponential_smoothing,158,2,159,0.0,0.6439256935334672,0.0,1.3455952524160535
actionable_probability_mass,exponential_smoothing,160,1,160,0.5800632125254277,0.04981649237152414,0.0,0.5453227084618887
actionable_probability_mass,exponential_smoothing,160,2,161,1.3911324457793728,0.04981649237152414,0.0,0.7505681034066912
actionable_probability_mass,exponential_smoothing,162,1,162,1.017828887491562,1.1303853776042163,0.614162752551992,1.6374468990769673
actionable_probability_mass,exponential_smoothing,162,2,163,0.0,1.1303853776042163,0.40033634005151963,1.8474786582285172
actionable_probability_mass,exponential_smoothing,164,1,164,0.0,0.2941443160966674,0.0,0.7997872278764351
actionable_probability_mass,exponential_smoothing,164,2,165,0.0,0.2941443160966674,0.0,1.0092313796534373
actionable_probability_mass,exponential_smoothing,166,1,166,0.0,0.021147861718175075,0.0,0.525521432807766
actionable_probability_mass,exponential_smoothing,166,2,167,0.0,0.021147861718175075,0.0,0.734439806455625
actionable_probability_mass,exponential_smoothing,168,1,168,0.0,0.0015629885367233758,0.0,0.504592298535566
actionable_probability_mass,exponential_smoothing,168,2,169,0.0,0.0015629885367233758,0.0,0.7129538610082665
actionable_probability_mass,exponential_smoothing,170,1,170,0.0,0.00011568442508997684,0.0,0.5017994649646775
actionable_probability_mass,exponential_smoothing,170,2,171,0.0,0.00011568442508997684,0.0,0.7096036908867821
actionable_probability_mass,exponential_smoothing,172,1,172,0.0,8.562564066894083e-06,0.0,0.5005032564972319
actionable_probability_mass,exponential_smoothing,172,2,173,0.0,8.562564066894083e-06,0.0,0.7078149466201201
actionable_probability_mass,exponential_smoothing,174,1,174,0.5096123265386545,6.337681438625735e-07,0.0,0.4994627039816395
actionable_probability_mass,exponential_smoothing,174,2,175,0.4366014418972328,6.337681438625735e-07,0.0,0.7063466673550125
actionable_probability_mass,exponential_smoothing,176,1,176,1.044097448719256,0.4189187934149933,0.0,0.9233016133690584
actionable_probability_mass,exponential_smoothing,176,2,177,0.991478440361898,0.4189187934149933,0.0,1.1322238180220192
actionable_probability_mass,exponential_smoothing,178,1,178,0.516949552947876,0.961281562678648,0.4493573004918423,1.4696079932332846
actionable_probability_mass,exponential_smoothing,178,2,179,0.0,0.961281562678648,0.23731132818622713,1.6801636948817205
actionable_probability_mass,exponential_smoothing,180,1,180,0.8981660363312793,0.16714249516555607,0.0,0.6751152538554206
actionable_probability_mass,exponential_smoothing,180,2,181,0.9494105328178822,0.16714249516555607,0.0,0.8855244598208378
actionable_probability_mass,exponential_smoothing,182,1,182,0.5524034726320426,0.8811698283881008,0.36547044684726515,1.3905930982909127
actionable_probability_mass,exponential_smoothing,182,2,183,0.5204824975521292,0.8811698283881008,0.1518607689056336,1.6016031256731074
actionable_probability_mass,exponential_smoothing,184,1,184,0.4913962000387968,0.5543294829253981,0.042050011112942376,1.063370728516805
actionable_probability_mass,exponential_smoothing,184,2,185,0.0,0.5543294829253981,0.0,1.2742225162480594
actionable_probability_mass,exponential_smoothing,186,1,186,5.478097900087287,0.13964544951127345,0.0,0.6483124016116363
actionable_probability_mass,exponential_smoothing,186,2,187,1.030309381271616,0.13964544951127345,0.0,0.8590091519025921
actionable_probability_mass,exponential_smoothing,188,1,188,0.4765221464784964,1.8818888272316379,1.372762218718496,2.364129486035441
actionable_probability_mass,exponential_smoothing,188,2,189,0.8704999053222775,1.8818888272316379,1.1618750725073355,2.5638801072397124
actionable_probability_mass,exponential_smoothing,190,1,190,0.968684185434698,1.136024433316771,0.6053349413729466,1.632570936533775
actionable_probability_mass,exponential_smoothing,190,2,191,0.0,1.136024433316771,0.3855161564009272,1.8382472325151937
actionable_probability_mass,exponential_smoothing,192,1,192,0.0,0.6297754818576623,0.08541989628204161,1.1213279225016808
actionable_probability_mass,exponential_smoothing,192,2,193,0.0,0.6297754818576623,0.0,1.324935610034029
actionable_probability_mass,exponential_smoothing,194,1,194,0.4443714694673871,0.18643155701121847,0.0,0.6624896850672212
actionable_probability_mass,exponential_smoothing,194,2,195,4.664553450828253,0.18643155701121847,0.0,0.8596794181859653
actionable_probability_mass,exponential_smoothing,196,1,196,0.0,1.8857070534021134,1.3405315993912952,2.376265257558328
actionable_probability_mass,exponential_smoothing,196,2,197,0.4230449608798826,1.8857070534021134,1.1147125324671048,2.5794611188532217
actionable_probability_mass,exponential_smoothing,198,1,198,0.0,0.9574447595390718,0.32528086169642656,1.415430533684391
actionable_probability_mass,exponential_smoothing,198,2,199,0.3945118938878325,0.9574447595390718,0.06343000156736311,1.6051344527093234
actionable_probability_mass,exponential_smoothing,200,1,200,0.5239118201949037,0.6784990181667363,0.02339266567539089,1.136723624234323
actionable_probability_mass,exponential_smoothing,200,2,201,1.0849526675235128,0.6784990181667363,0.0,1.3265264706805864
actionable_probability_mass,exponential_smoothing,202,1,202,0.0,0.7402013573213304,0.0930925062100274,1.1940404752959266
actionable_probability_mass,exponential_smoothing,202,2,203,0.0,0.7402013573213304,0.0,1.3820267930964476
actionable_probability_mass,exponential_smoothing,204,1,204,0.0,0.4479576688019221,0.0,0.9059613594219282
actionable_probability_mass,exponential_smoothing,204,2,205,0.4977694258197623,0.4479576688019221,0.0,1.095672699693666
actionable_probability_mass,exponential_smoothing,206,1,206,7.045440697420234,0.37691217946378736,0.0,0.834999427285676
actionable_probability_mass,exponential_smoothing,206,2,207,22.273457775449653,0.37691217946378736,0.0,1.0247453780836675
actionable_probability_mass,exponential_smoothing,208,1,208,5.128998030113391,22.273457548534516,21.726447620928173,22.786689777592866
actionable_probability_mass,exponential_smoothing,208,2,209,26.13530330444996,22.273457548534516,21.4998686901609,22.99927752751581
actionable_probability_mass,bayesian,204,1,204,0.0,0.6171480013320413,0.0,1.851449345080326
actionable_probability_mass,bayesian,204,2,205,0.4977694258197623,0.6190834754201382,0.0,1.8931061122033324
actionable_probability_mass,bayesian,206,1,206,7.045440697420234,0.6218044087262756,0.0,1.9235560818292403
actionable_probability_mass,bayesian,206,2,207,22.273457775449653,0.6246138233232733,0.0,1.8796184354848928
actionable_probability_mass,bayesian,208,1,208,5.128998030113391,1.3180274963009342,0.0,4.054579552095333
actionable_probability_mass,bayesian,208,2,209,26.13530330444996,1.3814285216407503,0.0,4.244743105061263
total_comments,naive,12,1,12,0.0,2.0,0.0,4.0
total_comments,naive,12,2,13,1.0,2.0,0.0,4.82842712474619
total_comments,naive,14,1,14,0.0,1.0,0.0,2.8000000000000007
total_comments,naive,14,2,15,0.0,1.0,0.0,3.5455844122715723
total_comments,naive,16,1,16,0.0,0.0,0.0,1.5999999999999996
total_comments,naive,16,2,17,0.0,0.0,0.0,2.2627416997969516
total_comments,naive,18,1,18,2.0,0.0,0.0,1.4000000000000004
total_comments,naive,18,2,19,0.0,0.0,0.0,1.9798989873223336
total_comments,naive,20,1,20,0.0,0.0,0.0,2.0
total_comments,naive,20,2,21,0.0,0.0,0.0,2.8284271247461903
total_comments,naive,22,1,22,0.0,0.0,0.0,2.0
total_comments,naive,22,2,23,0.0,0.0,0.0,2.8284271247461903
total_comments,naive,24,1,24,0.0,0.0,0.0,1.8000000000000007
total_comments,naive,24,2,25,0.0,0.0,0.0,2.5455844122715723
total_comments,naive,26,1,26,0.0,0.0,0.0,1.6000000000000014
total_comments,naive,26,2,27,0.0,0.0,0.0,2.2627416997969543
total_comments,naive,28,1,28,0.0,0.0,0.0,1.4000000000000021
total_comments,naive,28,2,29,0.0,0.0,0.0,1.9798989873223363
total_comments,naive,30,1,30,0.0,0.0,0.0,1.1999999999999993
total_comments,naive,30,2,31,0.0,0.0,0.0,1.6970562748477132
total_comments,naive,32,1,32,0.0,0.0,0.0,1.0
total_comments,naive,32,2,33,0.0,0.0,0.0,1.4142135623730951
total_comments,naive,34,1,34,1.0,0.0,0.0,1.0
total_comments,naive,34,2,35,0.0,0.0,0.0,1.4142135623730951
total_comments,naive,36,1,36,0.0,0.0,0.0,1.0
total_comments,naive,36,2,37,0.0,0.0,0.0,1.4142135623730951
total_comments,naive,38,1,38,0.0,0.0,0.0,1.0
total_comments,naive,38,2,39,0.0,0.0,0.0,1.4142135623730951
total_comments,naive,40,1,40,0.0,0.0,0.0,1.0
total_comments,naive,40,2,41,0.0,0.0,0.0,1.4142135623730951
total_comments,naive,42,1,42,0.0,0.0,0.0,1.0
total_comments,naive,42,2,43,0.0,0.0,0.0,1.4142135623730951
total_comments,naive,44,1,44,0.0,0.0,0.0,1.0
total_comments,naive,44,2,45,0.0,0.0,0.0,1.4142135623730951
total_comments,naive,46,1,46,0.0,0.0,0.0,1.0
total_comments,naive,46,2,47,0.0,0.0,0.0,1.4142135623730951
total_comments,naive,48,1,48,0.0,0.0,0.0,1.0
total_comments,naive,48,2,49,0.0,0.0,0.0,1.4142135623730951
total_comments,naive,50,1,50,1.0,0.0,0.0,1.0
total_comments,naive,50,2,51,1.0,0.0,0.0,1.4142135623730951
total_comments,naive,52,1,52,0.0,1.0,0.0,2.0
total_comments,naive,52,2,53,0.0,1.0,0.0,2.414213562373095
total_comments,naive,54,1,54,0.0,0.0,0.0,1.0
total_comments,naive,54,2,55,0.0,0.0,0.0,1.4142135623730951
total_comments,naive,56,1,56,0.0,0.0,0.0,1.0
total_comments,naive,56,2,57,0.0,0.0,0.0,1.4142135623730951
total_comments,naive,58,1,58,0.0,0.0,0.0,1.0
total_comments,naive,58,2,59,0.0,0.0,0.0,1.4142135623730951
total_comments,naive,60,1,60,0.0,0.0,0.0,1.0
total_comments,naive,60,2,61,0.0,0.0,0.0,1.4142135623730951
total_comments,naive,62,1,62,0.0,0.0,0.0,1.0
total_comments,naive,62,2,63,1.0,0.0,0.0,1.4142135623730951
total_comments,naive,64,1,64,0.0,1.0,0.0,2.0
total_comments,naive,64,2,65,0.0,1.0,0.0,2.414213562373095
total_comments,naive,66,1,66,0.0,0.0,0.0,1.0
total_comments,naive,66,2,67,0.0,0.0,0.0,1.4142135623730951
total_comments,naive,68,1,68,0.0,0.0,0.0,1.0
total_comments,naive,68,2,69,1.0,0.0,0.0,1.4142135623730951
total_comments,naive,70,1,70,0.0,1.0,0.0,2.0
total_comments,naive,70,2,71,0.0,1.0,0.0,2.414213562373095
total_comments,naive,72,1,72,1.0,0.0,0.0,1.0
total_comments,naive,72,2,73,0.0,0.0,0.0,1.4142135623730951
total_comments,naive,74,1,74,0.0,0.0,0.0,1.0
total_comments,naive,74,2,75,1.0,0.0,0.0,1.4142135623730951
total_comments,naive,76,1,76,1.0,1.0,0.0,2.0
total_comments,naive,76,2,77,0.0,1.0,0.0,2.414213562373095
total_comments,naive,78,1,78,0.0,0.0,0.0,1.0
total_comments,naive,78,2,79,0.0,0.0,0.0,1.4142135623730951
total_comments,naive,80,1,80,0.0,0.0,0.0,1.0
total_comments,naive,80,2,81,0.0,0.0,0.0,1.4142135623730951
total_comments,naive,82,1,82,0.0,0.0,0.0,1.0
total_comments,naive,82,2,83,1.0,0.0,0.0,1.4142135623730951
total_comments,naive,84,1,84,0.0,1.0,0.0,2.0
total_comments,naive,84,2,85,0.0,1.0,0.0,2.414213562373095
total_comments,naive,86,1,86,0.0,0.0,0.0,1.0
total_comments,naive,86,2,87,0.0,0.0,0.0,1.4142135623730951
total_comments,naive,88,1,88,0.0,0.0,0.0,1.0
total_comments,naive,88,2,89,0.0,0.0,0.0,1.4142135623730951
total_comments,naive,90,1,90,0.0,0.0,0.0,1.0
total_comments,naive,90,2,91,0.0,0.0,0.0,1.4142135623730951
total_comments,naive,92,1,92,0.0,0.0,0.0,1.0
total_comments,naive,92,2,93,0.0,0.0,0.0,1.4142135623730951
total_comments,naive,94,1,94,0.0,0.0,0.0,1.0
total_comments,naive,94,2,95,0.0,0.0,0.0,1.4142135623730951
total_comments,naive,96,1,96,0.0,0.0,0.0,1.0
total_comments,naive,96,2,97,0.0,0.0,0.0,1.4142135623730951
total_comments,naive,98,1,98,0.0,0.0,0.0,1.0
total_comments,naive,98,2,99,0.0,0.0,0.0,1.4142135623730951
total_comments,naive,100,1,100,0.0,0.0,0.0,1.0
total_comments,naive,100,2,101,0.0,0.0,0.0,1.4142135623730951
total_comments,naive,102,1,102,0.0,0.0,0.0,1.0
total_comments,naive,102,2,103,0.0,0.0,0.0,1.4142135623730951
total_comments,naive,104,1,104,1.0,0.0,0.0,1.0
total_comments,naive,104,2,105,0.0,0.0,0.0,1.4142135623730951
total_comments,naive,106,1,106,0.0,0.0,0.0,1.0
total_comments,naive,106,2,107,0.0,0.0,0.0,1.4142135623730951
total_comments,naive,108,1,108,0.0,0.0,0.0,1.0
total_comments,naive,108,2,109,0.0,0.0,0.0,1.4142135623730951
total_comments,naive,110,1,110,0.0,0.0,0.0,1.0
total_comments,naive,110,2,111,7.0,0.0,0.0,1.4142135623730951
total_comments,naive,112,1,112,4.0,7.0,6.0,8.0
total_comments,naive,112,2,113,8.0,7.0,5.585786437626905,8.414213562373096
total_comments,naive,114,1,114,6.0,8.0,7.0,9.0
total_comments,naive,114,2,115,2.0,8.0,6.585786437626905,9.414213562373096
total_comments,naive,116,1,116,1.0,2.0,1.0,3.0
total_comments,naive,116,2,117,1.0,2.0,0.5857864376269049,3.414213562373095
total_comments,naive,118,1,118,0.0,1.0,0.0,2.0
total_comments,naive,118,2,119,0.0,1.0,0.0,2.414213562373095
total_comments,naive,120,1,120,0.0,0.0,0.0,1.0
total_comments,naive,120,2,121,1.0,0.0,0.0,1.4142135623730951
total_comments,naive,122,1,122,1.0,1.0,0.0,2.0
total_comments,naive,122,2,123,1.0,1.0,0.0,2.414213562373095
total_comments,naive,124,1,124,0.0,1.0,0.0,2.0
total_comments,naive,124,2,125,2.0,1.0,0.0,2.414213562373095
total_comments,naive,126,1,126,0.0,2.0,1.0,3.0
total_comments,naive,126,2,127,1.0,2.0,0.5857864376269049,3.414213562373095
total_comments,naive,128,1,128,0.0,1.0,0.0,2.0
total_comments,naive,128,2,129,0.0,1.0,0.0,2.414213562373095
total_comments,naive,130,1,130,0.0,0.0,0.0,1.0
total_comments,naive,130,2,131,0.0,0.0,0.0,1.4142135623730951
total_comments,naive,132,1,132,0.0,0.0,0.0,1.0
total_comments,naive,132,2,133,1.0,0.0,0.0,1.4142135623730951
total_comments,naive,134,1,134,0.0,1.0,0.0,2.0
total_comments,naive,134,2,135,0.0,1.0,0.0,2.414213562373095
total_comments,naive,136,1,136,1.0,0.0,0.0,1.0
total_comments,naive,136,2,137,0.0,0.0,0.0,1.4142135623730951
total_comments,naive,138,1,138,0.0,0.0,0.0,1.0
total_comments,naive,138,2,139,1.0,0.0,0.0,1.4142135623730951
total_comments,naive,140,1,140,0.0,1.0,0.0,2.0
total_comments,naive,140,2,141,1.0,1.0,0.0,2.414213562373095
total_comments,naive,142,1,142,2.0,1.0,0.0,2.0
total_comments,naive,142,2,143,0.0,1.0,0.0,2.414213562373095
total_comments,naive,144,1,144,1.0,0.0,0.0,1.0
total_comments,naive,144,2,145,2.0,0.0,0.0,1.4142135623730951
total_comments,naive,146,1,146,3.0,2.0,1.0,3.0
total_comments,naive,146,2,147,1.0,2.0,0.5857864376269049,3.414213562373095
total_comments,naive,148,1,148,2.0,1.0,0.0,2.0
total_comments,naive,148,2,149,1.0,1.0,0.0,2.414213562373095
total_comments,naive,150,1,150,0.0,1.0,0.0,2.0
total_comments,naive,150,2,151,1.0,1.0,0.0,2.414213562373095
total_comments,naive,152,1,152,2.0,1.0,0.0,2.0
total_comments,naive,152,2,153,1.0,1.0,0.0,2.414213562373095
total_comments,naive,154,1,154,0.0,1.0,0.0,2.0
total_comments,naive,154,2,155,3.0,1.0,0.0,2.414213562373095
total_comments,naive,156,1,156,1.0,3.0,2.0,4.0
total_comments,naive,156,2,157,1.0,3.0,1.5857864376269049,4.414213562373095
total_comments,naive,158,1,158,0.0,1.0,0.0,2.0
total_comments,naive,158,2,159,0.0,1.0,0.0,2.414213562373095
total_comments,naive,160,1,160,1.0,0.0,0.0,1.0
total_comments,naive,160,2,161,3.0,0.0,0.0,1.4142135623730951
total_comments,naive,162,1,162,2.0,3.0,2.0,4.0
total_comments,naive,162,2,163,0.0,3.0,1.5857864376269049,4.414213562373095
total_comments,naive,164,1,164,0.0,0.0,0.0,1.0
total_comments,naive,164,2,165,0.0,0.0,0.0,1.4142135623730951
total_comments,naive,166,1,166,0.0,0.0,0.0,1.0
total_comments,naive,166,2,167,0.0,0.0,0.0,1.4142135623730951
total_comments,naive,168,1,168,0.0,0.0,0.0,1.0
total_comments,naive,168,2,169,0.0,0.0,0.0,1.4142135623730951
total_comments,naive,170,1,170,0.0,0.0,0.0,1.0
total_comments,naive,170,2,171,0.0,0.0,0.0,1.4142135623730951
total_comments,naive,172,1,172,0.0,0.0,0.0,1.0
total_comments,naive,172,2,173,0.0,0.0,0.0,1.4142135623730951
total_comments,naive,174,1,174,1.0,0.0,0.0,1.0
total_comments,naive,174,2,175,1.0,0.0,0.0,1.4142135623730951
total_comments,naive,176,1,176,2.0,1.0,0.0,2.0
total_comments,naive,176,2,177,2.0,1.0,0.0,2.414213562373095
total_comments,naive,178,1,178,1.0,2.0,1.0,3.0
total_comments,naive,178,2,179,0.0,2.0,0.5857864376269049,3.414213562373095
total_comments,naive,180,1,180,2.0,0.0,0.0,1.0
total_comments,naive,180,2,181,2.0,0.0,0.0,1.4142135623730951
total_comments,naive,182,1,182,1.0,2.0,1.0,3.0
total_comments,naive,182,2,183,1.0,2.0,0.5857864376269049,3.414213562373095
total_comments,naive,184,1,184,1.0,1.0,0.0,2.0
total_comments,naive,184,2,185,0.0,1.0,0.0,2.414213562373095
total_comments,naive,186,1,186,12.0,0.0,0.0,1.0
total_comments,naive,186,2,187,2.0,0.0,0.0,1.4142135623730951
total_comments,naive,188,1,188,1.0,2.0,1.0,3.0
total_comments,naive,188,2,189,2.0,2.0,0.5857864376269049,3.414213562373095
total_comments,naive,190,1,190,2.0,2.0,1.0,3.0
total_comments,naive,190,2,191,0.0,2.0,0.5857864376269049,3.414213562373095
total_comments,naive,192,1,192,0.0,0.0,0.0,1.0
total_comments,naive,192,2,193,0.0,0.0,0.0,1.4142135623730951
total_comments,naive,194,1,194,1.0,0.0,0.0,1.0
total_comments,naive,194,2,195,11.0,0.0,0.0,1.4142135623730951
total_comments,naive,196,1,196,0.0,11.0,10.0,12.0
total_comments,naive,196,2,197,1.0,11.0,9.585786437626904,12.414213562373096
total_comments,naive,198,1,198,0.0,1.0,0.0,2.0
total_comments,naive,198,2,199,1.0,1.0,0.0,2.414213562373095
total_comments,naive,200,1,200,1.0,1.0,0.0,2.0
total_comments,naive,200,2,201,2.0,1.0,0.0,2.414213562373095
total_comments,naive,202,1,202,0.0,2.0,1.0,3.0
total_comments,naive,202,2,203,0.0,2.0,0.5857864376269049,3.414213562373095
total_comments,naive,204,1,204,0.0,0.0,0.0,1.0
total_comments,naive,204,2,205,1.0,0.0,0.0,1.4142135623730951
total_comments,naive,206,1,206,15.0,1.0,0.0,2.0
total_comments,naive,206,2,207,46.0,1.0,0.0,2.414213562373095
total_comments,naive,208,1,208,11.0,46.0,45.0,47.0
total_comments,naive,208,2,209,54.0,46.0,44.58578643762691,47.41421356237309
total_comments,mean,12,1,12,0.0,0.625,0.0,2.9000000000000004
total_comments,mean,12,2,13,1.0,0.625,0.0,3.842335854398792
total_comments,mean,14,1,14,0.0,0.75,0.0,2.700000000000001
total_comments,mean,14,2,15,0.0,0.75,0.0,3.507716446627537
total_comments,mean,16,1,16,0.0,0.625,0.0,2.5
total_comments,mean,16,2,17,0.0,0.625,0.0,3.2766504294495533
total_comments,mean,18,1,18,2.0,0.375,0.0,2.3000000000000007
total_comments,mean,18,2,19,0.0,0.375,0.0,3.0973611075682093
total_comments,mean,20,1,20,0.0,0.375,0.0,2.1000000000000014
total_comments,mean,20,2,21,0.0,0.375,0.0,2.8145183950935913
total_comments,mean,22,1,22,0.0,0.25,0.0,2.0
total_comments,mean,22,2,23,0.0,0.25,0.0,2.7248737341529163
total_comments,mean,24,1,24,0.0,0.25,0.0,2.0
total_comments,mean,24,2,25,0.0,0.25,0.0,2.7248737341529163
total_comments,mean,26,1,26,0.0,0.25,0.0,2.0
total_comments,mean,26,2,27,0.0,0.25,0.0,2.7248737341529163
total_comments,mean,28,1,28,0.0,0.0,0.0,2.0
total_comments,mean,28,2,29,0.0,0.0,0.0,2.8284271247461903
total_comments,mean,30,1,30,0.0,0.0,0.0,2.0
total_comments,mean,30,2,31,0.0,0.0,0.0,2.8284271247461903
total_comments,mean,32,1,32,0.0,0.0,0.0,2.0
total_comments,mean,32,2,33,0.0,0.0,0.0,2.8284271247461903
total_comments,mean,34,1,34,1.0,0.0,0.0,2.0
total_comments,mean,34,2,35,0.0,0.0,0.0,2.8284271247461903
total_comments,mean,36,1,36,0.0,0.125,0.0,2.0
total_comments,mean,36,2,37,0.0,0.125,0.0,2.7766504294495533
total_comments,mean,38,1,38,0.0,0.125,0.0,2.0
total_comments,mean,38,2,39,0.0,0.125,0.0,2.7766504294495533
total_comments,mean,40,1,40,0.0,0.125,0.0,2.0
total_comments,mean,40,2,41,0.0,0.125,0.0,2.7766504294495533
total_comments,mean,42,1,42,0.0,0.125,0.0,1.8999999999999986
total_comments,mean,42,2,43,0.0,0.125,0.0,2.635229073212242
total_comments,mean,44,1,44,0.0,0.0,0.0,1.7000000000000028
total_comments,mean,44,2,45,0.0,0.0,0.0,2.4041630560342657
total_comments,mean,46,1,46,0.0,0.0,0.0,1.5
total_comments,mean,46,2,47,0.0,0.0,0.0,2.121320343559643
total_comments,mean,48,1,48,0.0,0.0,0.0,1.3000000000000043
total_comments,mean,48,2,49,0.0,0.0,0.0,1.8384776310850297
total_comments,mean,50,1,50,1.0,0.0,0.0,1.1000000000000014
total_comments,mean,50,2,51,1.0,0.0,0.0,1.5556349186104066
total_comments,mean,52,1,52,0.0,0.25,0.0,1.0
total_comments,mean,52,2,53,0.0,0.25,0.0,1.3106601717798214
total_comments,mean,54,1,54,0.0,0.25,0.0,1.0
total_comments,mean,54,2,55,0.0,0.25,0.0,1.3106601717798214
total_comments,mean,56,1,56,0.0,0.25,0.0,1.0
total_comments,mean,56,2,57,0.0,0.25,0.0,1.3106601717798214
total_comments,mean,58,1,58,0.0,0.25,0.0,1.0
total_comments,mean,58,2,59,0.0,0.25,0.0,1.3106601717798214
total_comments,mean,60,1,60,0.0,0.0,0.0,1.0
total_comments,mean,60,2,61,0.0,0.0,0.0,1.4142135623730951
total_comments,mean,62,1,62,0.0,0.0,0.0,1.0
total_comments,mean,62,2,63,1.0,0.0,0.0,1.4142135623730951
total_comments,mean,64,1,64,0.0,0.125,0.0,1.0
total_comments,mean,64,2,65,0.0,0.125,0.0,1.3624368670764582
total_comments,mean,66,1,66,0.0,0.125,0.0,1.0
total_comments,mean,66,2,67,0.0,0.125,0.0,1.3624368670764582
total_comments,mean,68,1,68,0.0,0.125,0.0,1.0
total_comments,mean,68,2,69,1.0,0.125,0.0,1.3624368670764582
total_comments,mean,70,1,70,0.0,0.25,0.0,1.0
total_comments,mean,70,2,71,0.0,0.25,0.0,1.3106601717798214
total_comments,mean,72,1,72,1.0,0.125,0.0,1.0
total_comments,mean,72,2,73,0.0,0.125,0.0,1.3624368670764582
total_comments,mean,74,1,74,0.0,0.25,0.0,1.0
total_comments,mean,74,2,75,1.0,0.25,0.0,1.3106601717798214
total_comments,mean,76,1,76,1.0,0.375,0.0,1.0
total_comments,mean,76,2,77,0.0,0.375,0.0,1.2588834764831844
total_comments,mean,78,1,78,0.0,0.375,0.0,1.0
total_comments,mean,78,2,79,0.0,0.375,0.0,1.2588834764831844
total_comments,mean,80,1,80,0.0,0.375,0.0,1.0
total_comments,mean,80,2,81,0.0,0.375,0.0,1.2588834764831844
total_comments,mean,82,1,82,0.0,0.25,0.0,1.0
total_comments,mean,82,2,83,1.0,0.25,0.0,1.3106601717798214
total_comments,mean,84,1,84,0.0,0.25,0.0,1.0
total_comments,mean,84,2,85,0.0,0.25,0.0,1.3106601717798214
total_comments,mean,86,1,86,0.0,0.125,0.0,1.0
total_comments,mean,86,2,87,0.0,0.125,0.0,1.3624368670764582
total_comments,mean,88,1,88,0.0,0.125,0.0,1.0
total_comments,mean,88,2,89,0.0,0.125,0.0,1.3624368670764582
total_comments,mean,90,1,90,0.0,0.125,0.0,1.0
total_comments,mean,90,2,91,0.0,0.125,0.0,1.3624368670764582
total_comments,mean,92,1,92,0.0,0.0,0.0,1.0
total_comments,mean,92,2,93,0.0,0.0,0.0,1.4142135623730951
total_comments,mean,94,1,94,0.0,0.0,0.0,1.0
total_comments,mean,94,2,95,0.0,0.0,0.0,1.4142135623730951
total_comments,mean,96,1,96,0.0,0.0,0.0,1.0
total_comments,mean,96,2,97,0.0,0.0,0.0,1.4142135623730951
total_comments,mean,98,1,98,0.0,0.0,0.0,1.0
total_comments,mean,98,2,99,0.0,0.0,0.0,1.4142135623730951
total_comments,mean,100,1,100,0.0,0.0,0.0,1.0
total_comments,mean,100,2,101,0.0,0.0,0.0,1.4142135623730951
total_comments,mean,102,1,102,0.0,0.0,0.0,1.0
total_comments,mean,102,2,103,0.0,0.0,0.0,1.4142135623730951
total_comments,mean,104,1,104,1.0,0.0,0.0,1.0
total_comments,mean,104,2,105,0.0,0.0,0.0,1.4142135623730951
total_comments,mean,106,1,106,0.0,0.125,0.0,1.0
total_comments,mean,106,2,107,0.0,0.125,0.0,1.3624368670764582
total_comments,mean,108,1,108,0.0,0.125,0.0,1.0
total_comments,mean,108,2,109,0.0,0.125,0.0,1.3624368670764582
total_comments,mean,110,1,110,0.0,0.125,0.0,1.0
total_comments,mean,110,2,111,7.0,0.125,0.0,1.3624368670764582
total_comments,mean,112,1,112,4.0,1.0,0.0,1.0
total_comments,mean,112,2,113,8.0,1.0,0.0,1.0
total_comments,mean,114,1,114,6.0,2.375,0.0,2.375
total_comments,mean,114,2,115,2.0,2.375,0.0,2.375
total_comments,mean,116,1,116,1.0,3.375,0.0,3.375
total_comments,mean,116,2,117,1.0,3.375,0.0,3.375
total_comments,mean,118,1,118,0.0,3.625,0.0,3.625
total_comments,mean,118,2,119,0.0,3.625,0.0,3.625
total_comments,mean,120,1,120,0.0,2.75,0.0,2.75
total_comments,mean,120,2,121,1.0,2.75,0.0,2.75
total_comments,mean,122,1,122,1.0,1.375,0.0,1.375
total_comments,mean,122,2,123,1.0,1.375,0.0,1.375
total_comments,mean,124,1,124,0.0,0.625,0.0,1.0
total_comments,mean,124,2,125,2.0,0.625,0.0,1.1553300858899107
total_comments,mean,126,1,126,0.0,0.625,0.0,1.0
total_comments,mean,126,2,127,1.0,0.625,0.0,1.1553300858899107
total_comments,mean,128,1,128,0.0,0.75,0.0,1.0
total_comments,mean,128,2,129,0.0,0.75,0.0,1.1035533905932737
total_comments,mean,130,1,130,0.0,0.625,0.0,1.0
total_comments,mean,130,2,131,0.0,0.625,0.0,1.1553300858899107
total_comments,mean,132,1,132,0.0,0.375,0.0,1.0
total_comments,mean,132,2,133,1.0,0.375,0.0,1.2588834764831844
total_comments,mean,134,1,134,0.0,0.25,0.0,1.0
total_comments,mean,134,2,135,0.0,0.25,0.0,1.3106601717798214
total_comments,mean,136,1,136,1.0,0.125,0.0,1.0
total_comments,mean,136,2,137,0.0,0.125,0.0,1.3624368670764582
total_comments,mean,138,1,138,0.0,0.25,0.0,1.0
total_comments,mean,138,2,139,1.0,0.25,0.0,1.3106601717798214
total_comments,mean,140,1,140,0.0,0.375,0.0,1.0
total_comments,mean,140,2,141,1.0,0.375,0.0,1.2588834764831844
total_comments,mean,142,1,142,2.0,0.375,0.0,1.0
total_comments,mean,142,2,143,0.0,0.375,0.0,1.2588834764831844
total_comments,mean,144,1,144,1.0,0.625,0.0,1.0
total_comments,mean,144,2,145,2.0,0.625,0.0,1.1553300858899107
total_comments,mean,146,1,146,3.0,0.875,0.0,1.0
total_comments,mean,146,2,147,1.0,0.875,0.0,1.051776695296637
total_comments,mean,148,1,148,2.0,1.25,0.0,1.25
total_comments,mean,148,2,149,1.0,1.25,0.0,1.25
total_comments,mean,150,1,150,0.0,1.5,0.0,1.5
total_comments,mean,150,2,151,1.0,1.5,0.0,1.5
total_comments,mean,152,1,152,2.0,1.375,0.0,1.375
total_comments,mean,152,2,153,1.0,1.375,0.0,1.375
total_comments,mean,154,1,154,0.0,1.375,0.0,1.700000000000017
total_comments,mean,154,2,155,3.0,1.375,0.0,1.83461940777128
total_comments,mean,156,1,156,1.0,1.25,0.0,2.0
total_comments,mean,156,2,157,1.0,1.25,0.0,2.3106601717798214
total_comments,mean,158,1,158,0.0,1.125,0.0,2.0
total_comments,mean,158,2,159,0.0,1.125,0.0,2.3624368670764584
total_comments,mean,160,1,160,1.0,1.0,0.0,2.0
total_comments,mean,160,2,161,3.0,1.0,0.0,2.414213562373095
total_comments,mean,162,1,162,2.0,1.125,0.0,2.0
total_comments,mean,162,2,163,0.0,1.125,0.0,2.3624368670764584
total_comments,mean,164,1,164,0.0,1.0,0.0,2.0
total_comments,mean,164,2,165,0.0,1.0,0.0,2.414213562373095
total_comments,mean,166,1,166,0.0,0.75,0.0,2.0
total_comments,mean,166,2,167,0.0,0.75,0.0,2.517766952966369
total_comments,mean,168,1,168,0.0,0.75,0.0,2.0
total_comments,mean,168,2,169,0.0,0.75,0.0,2.517766952966369
total_comments,mean,170,1,170,0.0,0.25,0.0,2.0
total_comments,mean,170,2,171,0.0,0.25,0.0,2.7248737341529163
total_comments,mean,172,1,172,0.0,0.0,0.0,2.0
total_comments,mean,172,2,173,0.0,0.0,0.0,2.8284271247461903
total_comments,mean,174,1,174,1.0,0.0,0.0,2.0
total_comments,mean,174,2,175,1.0,0.0,0.0,2.8284271247461903
total_comments,mean,176,1,176,2.0,0.25,0.0,2.0
total_comments,mean,176,2,177,2.0,0.25,0.0,2.7248737341529163
total_comments,mean,178,1,178,1.0,0.75,0.0,2.0
total_comments,mean,178,2,179,0.0,0.75,0.0,2.517766952966369
total_comments,mean,180,1,180,2.0,0.875,0.0,2.0
total_comments,mean,180,2,181,2.0,0.875,0.0,2.4659902576697323
total_comments,mean,182,1,182,1.0,1.375,0.0,2.0
total_comments,mean,182,2,183,1.0,1.375,0.0,2.2588834764831844
total_comments,mean,184,1,184,1.0,1.375,0.0,2.0
total_comments,mean,184,2,185,0.0,1.375,0.0,2.2588834764831844
total_comments,mean,186,1,186,12.0,1.0,0.0,2.0
total_comments,mean,186,2,187,2.0,1.0,0.0,2.414213562373095
total_comments,mean,188,1,188,1.0,2.625,0.0,2.625
total_comments,mean,188,2,189,2.0,2.625,0.0,2.625
total_comments,mean,190,1,190,2.0,2.5,0.0,2.5
total_comments,mean,190,2,191,0.0,2.5,0.0,2.5
total_comments,mean,192,1,192,0.0,2.5,0.0,2.5
total_comments,mean,192,2,193,0.0,2.5,0.0,2.5
total_comments,mean,194,1,194,1.0,2.375,0.0,2.375
total_comments,mean,194,2,195,11.0,2.375,0.0,2.375
total_comments,mean,196,1,196,0.0,2.125,0.0,2.125
total_comments,mean,196,2,197,1.0,2.125,0.0,2.125
total_comments,mean,198,1,198,0.0,1.875,0.0,2.0
total_comments,mean,198,2,199,1.0,1.875,0.0,2.051776695296637
total_comments,mean,200,1,200,1.0,1.75,0.0,2.0
total_comments,mean,200,2,201,2.0,1.75,0.0,2.103553390593274
total_comments,mean,202,1,202,0.0,2.125,0.0,2.125
total_comments,mean,202,2,203,0.0,2.125,0.0,2.125
total_comments,mean,204,1,204,0.0,0.625,0.0,2.0
total_comments,mean,204,2,205,1.0,0.625,0.0,2.569543648263006
total_comments,mean,206,1,206,15.0,0.625,0.0,2.0
total_comments,mean,206,2,207,46.0,0.625,0.0,2.569543648263006
total_comments,mean,208,1,208,11.0,8.125,0.0,8.125
total_comments,mean,208,2,209,54.0,8.125,0.0,8.125
total_comments,exponential_smoothing,12,1,12,0.0,1.999999970197678,0.0,3.8999999433755885
total_comments,exponential_smoothing,12,2,13,1.0,1.999999970197678,0.0,4.687005700774396
total_comments,exponential_smoothing,14,1,14,0.0,0.9999999850988393,0.0,2.699999964237215
total_comments,exponential_smoothing,14,2,15,0.0,0.9999999850988393,0.0,3.404163011630309
total_comments,exponential_smoothing,16,1,16,0.0,2.2204460161630896e-16,0.0,1.4999999850988393
total_comments,exponential_smoothing,16,2,17,0.0,2.2204460161630896e-16,0.0,2.121320322486219
total_comments,exponential_smoothing,18,1,18,2.0,4.930380584162929e-32,0.0,1.299999991059304
total_comments,exponential_smoothing,18,2,19,0.0,4.930380584162929e-32,0.0,1.8384776184409704
total_comments,exponential_smoothing,20,1,20,0.0,2.9802321943606103e-08,0.0,2.000000001490116
total_comments,exponential_smoothing,20,2,21,0.0,2.9802321943606103e-08,0.0,2.8284271145090067
total_comments,exponential_smoothing,22,1,22,0.0,6.617444801816608e-24,0.0,1.8999999731779125
total_comments,exponential_smoothing,22,2,23,0.0,6.617444801816608e-24,0.0,2.687005730576721
total_comments,exponential_smoothing,24,1,24,0.0,1.4693679166325709e-39,0.0,1.699999979138374
total_comments,exponential_smoothing,24,2,25,0.0,1.4693679166325709e-39,0.0,2.4041630265314673
total_comments,exponential_smoothing,26,1,26,0.0,3.2626521853819554e-55,0.0,1.499999985098839
total_comments,exponential_smoothing,26,2,27,0.0,3.2626521853819554e-55,0.0,2.121320322486219
total_comments,exponential_smoothing,28,1,28,0.0,7.244543155109263e-71,0.0,1.299999991059304
total_comments,exponential_smoothing,28,2,29,0.0,7.244543155109263e-71,0.0,1.8384776184409704
total_comments,exponential_smoothing,30,1,30,0.0,1.6086117227385761e-86,0.0,1.0999999970197691
total_comments,exponential_smoothing,30,2,31,0.0,1.6086117227385761e-86,0.0,1.5556349143957218
total_comments,exponential_smoothing,32,1,32,0.0,3.5718355445326113e-102,0.0,0.9999999970197678
total_comments,exponential_smoothing,32,2,33,0.0,3.5718355445326113e-102,0.0,1.4142135581584103
total_comments,exponential_smoothing,34,1,34,1.0,7.9310681234292775e-118,0.0,0.9999999910593034
total_comments,exponential_smoothing,34,2,35,0.0,7.9310681234292775e-118,0.0,1.4142135497290407
total_comments,exponential_smoothing,36,1,36,0.0,1.4901160971803051e-08,0.0,1.000000014901161
total_comments,exponential_smoothing,36,2,37,0.0,1.4901160971803051e-08,0.0,1.4142135772742561
total_comments,exponential_smoothing,38,1,38,0.0,3.308722400908304e-24,0.0,1.0
total_comments,exponential_smoothing,38,2,39,0.0,3.308722400908304e-24,0.0,1.4142135623730951
total_comments,exponential_smoothing,40,1,40,0.0,7.346839583162854e-40,0.0,1.0
total_comments,exponential_smoothing,40,2,41,0.0,7.346839583162854e-40,0.0,1.4142135623730951
total_comments,exponential_smoothing,42,1,42,0.0,1.6313260926909777e-55,0.0,0.9999999970197678
total_comments,exponential_smoothing,42,2,43,0.0,1.6313260926909777e-55,0.0,1.4142135581584103
total_comments,exponential_smoothing,44,1,44,0.0,3.6222715775546315e-71,0.0,0.9999999910593034
total_comments,exponential_smoothing,44,2,45,0.0,3.6222715775546315e-71,0.0,1.4142135497290407
total_comments,exponential_smoothing,46,1,46,0.0,8.0430586136928805e-87,0.0,0.999999985098839
total_comments,exponential_smoothing,46,2,47,0.0,8.0430586136928805e-87,0.0,1.4142135412996713
total_comments,exponential_smoothing,48,1,48,0.0,1.7859177722663057e-102,0.0,0.9999999791383747
total_comments,exponential_smoothing,48,2,49,0.0,1.7859177722663057e-102,0.0,1.4142135328703016
total_comments,exponential_smoothing,50,1,50,1.0,3.9655340617146388e-118,0.0,0.9999999731779102
total_comments,exponential_smoothing,50,2,51,1.0,3.9655340617146388e-118,0.0,1.414213524440932
total_comments,exponential_smoothing,52,1,52,0.0,0.9999999999999998,1.4901160527713841e-08,1.9999999970197675
total_comments,exponential_smoothing,52,2,53,0.0,0.9999999999999998,0.0,2.4142135581584103
total_comments,exponential_smoothing,54,1,54,0.0,2.2204460492503126e-16,0.0,0.9999999910593036
total_comments,exponential_smoothing,54,2,55,0.0,2.2204460492503126e-16,0.0,1.414213549729041
total_comments,exponential_smoothing,56,1,56,0.0,4.9303806576313227e-32,0.0,0.999999985098839
total_comments,exponential_smoothing,56,2,57,0.0,4.9303806576313227e-32,0.0,1.4142135412996713
total_comments,exponential_smoothing,58,1,58,0.0,1.0947644252537631e-47,0.0,0.9999999791383747
total_comments,exponential_smoothing,58,2,59,0.0,1.0947644252537631e-47,0.0,1.4142135328703016
total_comments,exponential_smoothing,60,1,60,0.0,2.430865342914508e-63,0.0,0.9999999731779102
total_comments,exponential_smoothing,60,2,61,0.0,2.430865342914508e-63,0.0,1.414213524440932
total_comments,exponential_smoothing,62,1,62,0.0,5.3976053469340267e-79,0.0,0.899999974668025
total_comments,exponential_smoothing,62,2,63,1.0,5.3976053469340267e-79,0.0,1.272792170310963
total_comments,exponential_smoothing,64,1,64,0.0,0.9999999850988388,0.0,1.9999999761581422
total_comments,exponential_smoothing,64,2,65,0.0,0.9999999850988388,0.0,2.4142135348278795
total_comments,exponential_smoothing,66,1,66,0.0,2.2204460161630886e-16,0.0,0.9999999850988393
total_comments,exponential_smoothing,66,2,67,0.0,2.2204460161630886e-16,0.0,1.4142135412996715
total_comments,exponential_smoothing,68,1,68,0.0,4.930380584162927e-32,0.0,0.9999999791383747
total_comments,exponential_smoothing,68,2,69,1.0,4.930380584162927e-32,0.0,1.4142135328703016
total_comments,exponential_smoothing,70,1,70,0.0,0.9999999850988388,0.0,1.9999999850988388
total_comments,exponential_smoothing,70,2,71,0.0,0.9999999850988388,0.0,2.4142135474719337
total_comments,exponential_smoothing,72,1,72,1.0,2.2204460161630886e-16,0.0,0.999999997019768
total_comments,exponential_smoothing,72,2,73,0.0,2.2204460161630886e-16,0.0,1.4142135581584105
total_comments,exponential_smoothing,74,1,74,0.0,1.4901160971803051e-08,0.0,1.0000000149011607
total_comments,exponential_smoothing,74,2,75,1.0,1.4901160971803051e-08,0.0,1.414213577274256
total_comments,exponential_smoothing,76,1,76,1.0,0.9999999850988388,0.0,1.9999999850988388
total_comments,exponential_smoothing,76,2,77,0.0,0.9999999850988388,0.0,2.4142135474719337
total_comments,exponential_smoothing,78,1,78,0.0,1.4901161193847653e-08,0.0,1.000000014901161
total_comments,exponential_smoothing,78,2,79,0.0,1.4901161193847653e-08,0.0,1.4142135772742561
total_comments,exponential_smoothing,80,1,80,0.0,3.30872245021211e-24,0.0,0.9999999999999998
total_comments,exponential_smoothing,80,2,81,0.0,3.30872245021211e-24,0.0,1.414213562373095
total_comments,exponential_smoothing,82,1,82,0.0,7.346839692639295e-40,0.0,0.9999999999999998
total_comments,exponential_smoothing,82,2,83,1.0,7.346839692639295e-40,0.0,1.414213562373095
total_comments,exponential_smoothing,84,1,84,0.0,0.9999999850988388,0.0,1.9999999850988388
total_comments,exponential_smoothing,84,2,85,0.0,0.9999999850988388,0.0,2.4142135474719337
total_comments,exponential_smoothing,86,1,86,0.0,2.2204460161630886e-16,0.0,1.0
total_comments,exponential_smoothing,86,2,87,0.0,2.2204460161630886e-16,0.0,1.4142135623730951
total_comments,exponential_smoothing,88,1,88,0.0,2.7919821466584733e-28,0.0,0.9999999999999882
total_comments,exponential_smoothing,88,2,89,0.0,2.7919821466584733e-28,0.0,1.4142135623730785
total_comments,exponential_smoothing,90,1,90,0.0,6.6850204795529e-45,0.0,0.9999999999999983
total_comments,exponential_smoothing,90,2,91,0.0,6.6850204795529e-45,0.0,1.4142135623730927
total_comments,exponential_smoothing,92,1,92,0.0,2.4308653066917922e-63,0.0,0.9999999999999998
total_comments,exponential_smoothing,92,2,93,0.0,2.4308653066917922e-63,0.0,1.414213562373095
total_comments,exponential_smoothing,94,1,94,0.0,5.3976052665034406e-79,0.0,0.9999999999999998
total_comments,exponential_smoothing,94,2,95,0.0,5.3976052665034406e-79,0.0,1.414213562373095
total_comments,exponential_smoothing,96,1,96,0.0,1.1985091289420248e-94,0.0,0.9999999999999998
total_comments,exponential_smoothing,96,2,97,0.0,1.1985091289420248e-94,0.0,1.414213562373095
total_comments,exponential_smoothing,98,1,98,0.0,2.661224860349753e-110,0.0,0.9999999999999998
total_comments,exponential_smoothing,98,2,99,0.0,2.661224860349753e-110,0.0,1.414213562373095
total_comments,exponential_smoothing,100,1,100,0.0,5.909106227330325e-126,0.0,0.9999999999999998
total_comments,exponential_smoothing,100,2,101,0.0,5.909106227330325e-126,0.0,1.414213562373095
total_comments,exponential_smoothing,102,1,102,0.0,1.3120851577076043e-141,0.0,0.9999999970197676
total_comments,exponential_smoothing,102,2,103,0.0,1.3120851577076043e-141,0.0,1.41421355815841
total_comments,exponential_smoothing,104,1,104,1.0,2.913414304711824e-157,0.0,0.9999999910593033
total_comments,exponential_smoothing,104,2,105,0.0,2.913414304711824e-157,0.0,1.4142135497290405
total_comments,exponential_smoothing,106,1,106,0.0,0.013228772324802593,0.0,1.0130513932990028
total_comments,exponential_smoothing,106,2,107,0.0,0.013228772324802593,0.0,1.4271914828739312
total_comments,exponential_smoothing,108,1,108,0.0,2.287507201678759e-06,0.0,0.9998294464297359
total_comments,exponential_smoothing,108,2,109,0.0,2.287507201678759e-06,0.0,1.4139714156844096
total_comments,exponential_smoothing,110,1,110,0.0,4.006899842892105e-10,0.0,0.9998271570872135
total_comments,exponential_smoothing,110,2,111,7.0,4.006899842892105e-10,0.0,1.413969125415701
total_comments,exponential_smoothing,112,1,112,4.0,6.9073573594279285,5.920592022366742,7.9071845212193885
total_comments,exponential_smoothing,112,2,113,8.0,6.9073573594279285,5.51186043687634,8.321326491662411
total_comments,exponential_smoothing,114,1,114,6.0,7.238730776186144,6.445375380391588,8.237976465070851
total_comments,exponential_smoothing,114,2,115,2.0,7.238730776186144,6.116756815671608,8.651877581549744
total_comments,exponential_smoothing,116,1,116,1.0,2.9706969560490624,2.151615989110351,3.9689535692206226
total_comments,exponential_smoothing,116,2,117,1.0,2.9706969560490624,1.8123415439226678,4.3824449971249155
total_comments,exponential_smoothing,118,1,118,0.0,1.045083026501541,0.1920886304170374,2.044693819774848
total_comments,exponential_smoothing,118,2,119,0.0,1.045083026501541,0.0,2.45874616744318
total_comments,exponential_smoothing,120,1,120,0.0,0.026015780929148264,0.0,1.0256184384360807
total_comments,exponential_smoothing,120,2,121,1.0,0.026015780929148264,0.0,1.4396674161596401
total_comments,exponential_smoothing,122,1,122,1.0,0.8421994561490704,0.0,1.8413903526304514
total_comments,exponential_smoothing,122,2,123,1.0,0.8421994561490704,0.0,2.2552687733527708
total_comments,exponential_smoothing,124,1,124,0.0,0.9961087460672114,0.12262886028718056,1.9945909773984876
total_comments,exponential_smoothing,124,2,125,2.0,0.9961087460672114,0.0,2.4081758594044524
total_comments,exponential_smoothing,126,1,126,0.0,1.6911018802543754,0.7652974061608938,2.6907407144182773
total_comments,exponential_smoothing,126,2,127,1.0,1.6911018802543754,0.381816636885683,3.104804677003795
total_comments,exponential_smoothing,128,1,128,0.0,0.8696901052505837,0.0,1.8688200973409483
total_comments,exponential_smoothing,128,2,129,0.0,0.8696901052505837,0.0,2.2826732906385008
total_comments,exponential_smoothing,130,1,130,0.0,0.03189523552409481,0.0,1.0307930292423315
total_comments,exponential_smoothing,130,2,131,0.0,0.03189523552409481,0.0,1.4445500428249876
total_comments,exponential_smoothing,132,1,132,0.0,0.0011690795523945112,0.0,0.9993404555193567
total_comments,exponential_smoothing,132,2,133,1.0,0.0011690795523945112,0.0,1.412796577017486
total_comments,exponential_smoothing,134,1,134,0.0,0.8085013498319622,0.0,1.807984329852304
total_comments,exponential_smoothing,134,2,135,0.0,0.8085013498319622,0.0,2.2219837355378065
total_comments,exponential_smoothing,136,1,136,1.0,0.030761410891746936,0.0,1.0299672777737918
total_comments,exponential_smoothing,136,2,137,0.0,0.030761410891746936,0.0,1.4438518994391003
total_comments,exponential_smoothing,138,1,138,0.0,0.16204211673107616,0.0,1.160863540573989
total_comments,exponential_smoothing,138,2,139,1.0,0.16204211673107616,0.0,1.5745889207185293
total_comments,exponential_smoothing,140,1,140,0.0,0.8044253130024887,0.0,1.8029530517006616
total_comments,exponential_smoothing,140,2,141,1.0,0.8044253130024887,0.0,2.2165567834751827
total_comments,exponential_smoothing,142,1,142,2.0,0.8257130361663652,0.0,1.8229913438129692
total_comments,exponential_smoothing,142,2,143,0.0,0.8257130361663652,0.0,2.236077544300681
total_comments,exponential_smoothing,144,1,144,1.0,0.3794226411864355,0.0,1.3784165336890886
total_comments,exponential_smoothing,144,2,145,2.0,0.3794226411864355,0.0,1.7922133526915773
total_comments,exponential_smoothing,146,1,146,3.0,1.749145136438745,0.7969692525652914,2.748715493561333
total_comments,exponential_smoothing,146,2,147,1.0,1.749145136438745,0.40256508770031774,3.1627510920276274
total_comments,exponential_smoothing,148,1,148,2.0,1.3893504097774185,0.4274778707757543,2.388984176518877
total_comments,exponential_smoothing,148,2,149,1.0,1.3893504097774185,0.02905721984702092,2.8030460401092925
total_comments,exponential_smoothing,150,1,150,0.0,1.2004354154554948,0.24856146356098918,2.199944249702251
total_comments,exponential_smoothing,150,2,151,1.0,1.2004354154554948,0.0,2.61395436455898
total_comments,exponential_smoothing,152,1,152,2.0,0.8319820926095355,0.0,1.8314445530143355
total_comments,exponential_smoothing,152,2,153,1.0,0.8319820926095355,0.0,2.2454354591967864
total_comments,exponential_smoothing,154,1,154,0.0,1.1708867929821372,0.19593969775892295,2.1706045580065743
total_comments,exponential_smoothing,154,2,155,3.0,1.1708867929821372,0.0,2.584701214825015
total_comments,exponential_smoothing,156,1,156,1.0,2.3166691769344183,1.2910460757613529,3.3165462455422277
total_comments,exponential_smoothing,156,2,157,1.0,2.3166691769344183,0.8662190773723162,3.730708888065436
total_comments,exponential_smoothing,158,1,158,0.0,1.0924613889887536,0.053371159795964296,2.0922148255780284
total_comments,exponential_smoothing,158,2,159,0.0,1.0924613889887536,0.0,2.5063262580424164
total_comments,exponential_smoothing,160,1,160,1.0,0.07583509955970334,0.0,1.0755518214695905
total_comments,exponential_smoothing,160,2,161,3.0,0.07583509955970334,0.0,1.4896480462158377
total_comments,exponential_smoothing,162,1,162,2.0,2.4238891450864446,1.3410432991043835,3.4238616608987575
total_comments,exponential_smoothing,162,2,163,0.0,2.4238891450864446,0.892513863739246,3.838063838948562
total_comments,exponential_smoothing,164,1,164,0.0,0.5601441972674084,0.0,1.5600451176164967
total_comments,exponential_smoothing,164,2,165,0.0,0.5601441972674084,0.0,1.9742176398544289
total_comments,exponential_smoothing,166,1,166,0.0,0.036400453880756974,0.0,1.0362607740557324
total_comments,exponential_smoothing,166,2,167,0.0,0.036400453880756974,0.0,1.4504164791509124
total_comments,exponential_smoothing,168,1,168,0.0,0.0024268086929269974,0.0,1.0022317983994864
total_comments,exponential_smoothing,168,2,169,0.0,0.0024268086929269974,0.0,1.416364584864236
total_comments,exponential_smoothing,170,1,170,0.0,0.00016196542953945115,0.0,0.9999113327990652
total_comments,exponential_smoothing,170,2,171,0.0,0.00016196542953945115,0.0,1.4140210797374446
total_comments,exponential_smoothing,172,1,172,0.0,1.0809770336587607e-05,0.0,0.9996748620016477
total_comments,exponential_smoothing,172,2,173,0.0,1.0809770336587607e-05,0.0,1.4137492702527028
total_comments,exponential_smoothing,174,1,174,1.0,7.214481655528526e-07,0.0,0.9995497721790133
total_comments,exponential_smoothing,174,2,175,1.0,7.214481655528526e-07,0.0,1.4135765452488835
total_comments,exponential_smoothing,176,1,176,2.0,0.9340022278895229,0.0,1.933867167919964
total_comments,exponential_smoothing,176,2,177,2.0,0.9340022278895229,0.0,2.348024786621934
total_comments,exponential_smoothing,178,1,178,1.0,1.9323836038976125,0.8582670398336576,2.932383143561953
total_comments,exponential_smoothing,178,2,179,0.0,1.9323836038976125,0.4133533914287779,3.346596515257775
total_comments,exponential_smoothing,180,1,180,2.0,0.30789239278252917,0.0,1.307891924202145
total_comments,exponential_smoothing,180,2,181,2.0,0.30789239278252917,0.0,1.7221052924828901
total_comments,exponential_smoothing,182,1,182,1.0,1.8866395748093068,0.8035852148025138,2.8866391899101185
total_comments,exponential_smoothing,182,2,183,1.0,1.8866395748093068,0.3549694101003873,3.3008525928527495
total_comments,exponential_smoothing,184,1,184,1.0,1.0611384432703233,0.0,2.0611379100699327
total_comments,exponential_smoothing,184,2,185,0.0,1.0611384432703233,0.0,2.4753512515841942
total_comments,exponential_smoothing,186,1,186,12.0,0.26599746636409605,0.0,1.2659968636415437
total_comments,exponential_smoothing,186,2,187,2.0,0.26599746636409605,0.0,1.6802101763587833
total_comments,exponential_smoothing,188,1,188,1.0,3.9411112423312344,2.8206163969911358,4.94081617865869
total_comments,exponential_smoothing,188,2,189,2.0,3.9411112423312344,2.356492235482123,5.3549075216568545
total_comments,exponential_smoothing,190,1,190,2.0,2.4981810906782327,1.40651271721438,3.4977864140902817
total_comments,exponential_smoothing,190,2,191,0.0,2.4981810906782327,0.9543288713118752,3.9118364960678966
total_comments,exponential_smoothing,192,1,192,0.0,1.4225246850880575,0.2956390419770867,2.4216329854204584
total_comments,exponential_smoothing,192,2,193,0.0,1.4225246850880575,0.0,2.8354771936976704
total_comments,exponential_smoothing,194,1,194,1.0,0.44481833697248035,0.0,1.444108881223217
total_comments,exponential_smoothing,194,2,195,11.0,0.44481833697248035,0.0,1.8580285774030638
total_comments,exponential_smoothing,196,1,196,0.0,3.65921958615597,2.4298759065750466,4.657681579435209
total_comments,exponential_smoothing,196,2,197,1.0,3.65921958615597,1.9206650816749835,5.0712580785655454
total_comments,exponential_smoothing,198,1,198,0.0,2.165160111700383,0.878077246506278,3.1278272772394295
total_comments,exponential_smoothing,198,2,199,1.0,2.165160111700383,0.3449500678448576,3.526577073256968
total_comments,exponential_smoothing,200,1,200,1.0,1.6755714128204162,0.37420397886910894,2.631730288732385
total_comments,exponential_smoothing,200,2,201,2.0,1.6755714128204162,0.0,3.0277842629185354
total_comments,exponential_smoothing,202,1,202,0.0,1.6358249299587464,0.343234613648014,2.5912119975473358
total_comments,exponential_smoothing,202,2,203,0.0,1.6358249299587464,0.0,2.98694627825839
total_comments,exponential_smoothing,204,1,204,0.0,1.0972090639166487,0.0,2.0579169609643033
total_comments,exponential_smoothing,204,2,205,1.0,1.0972090639166487,0.0,2.4558552014003774
total_comments,exponential_smoothing,206,1,206,15.0,0.8945558372083179,0.0,1.8594304888742488
total_comments,exponential_smoothing,206,2,207,46.0,0.8945558372083179,0.0,2.2590946555842932
total_comments,exponential_smoothing,208,1,208,11.0,45.999999538064,44.99999952316284,46.999999538064
total_comments,exponential_smoothing,208,2,209,54.0,45.999999538064,44.585785954617485,47.414213100437095
total_comments,bayesian,204,1,204,0.0,1.317,0.0,4.0
total_comments,bayesian,204,2,205,1.0,1.34525,0.0,4.0
total_comments,bayesian,206,1,206,15.0,1.34675,0.0,4.0
total_comments,bayesian,206,2,207,46.0,1.347,0.0,4.0
total_comments,bayesian,208,1,208,11.0,2.426,0.0,7.0
total_comments,bayesian,208,2,209,54.0,2.5085,0.0,7.0
