text,source,parent_id,intent_label,sentiment_label,engagement,intent_weight,sentiment_weight,engagement_weight,demand_score,risk_score,activation_score
Demo: planning a day-one purchase when KH4 arrives.,youtube_demo,demo_trailer_reveal,high_intent,positive,18,2.0,1.0,2.9444389791664403,4.7666633874998645,0,1
Demo: replaying the older games because the new entry has me excited again.,reddit_demo,demo_trailer_reveal,nostalgia_reactivation,positive,11,1.5,1.0,2.4849066497880004,3.742453324894,0,1
Demo: new player asking whether the series is a good starting point on PC.,reddit_demo,demo_pc_release,new_customer_interest,neutral,7,1.2,0.3,2.0794415416798357,2.123832462503951,0,1
Demo: still waiting for a release date and any official update.,youtube_demo,demo_news_wait,frustrated_demand,negative,24,1.0,-0.5,3.2188758248682006,0.82188758248682,1,0
Demo: fans joking they will take any small update during the drought.,reddit_demo,demo_news_wait,content_drought_fatigue,neutral,13,0.6,0.3,2.6390573296152584,1.3750303193307465,1,0
Demo: potential player worried the story order is confusing.,youtube_demo,demo_story_access,confusion_barrier,negative,6,-1.0,-0.5,1.9459101490553132,-2.083773044716594,1,0
Demo: former fan says they lost interest after years of silence.,reddit_demo,demo_news_wait,expectation_decay,negative,30,-1.5,-0.5,3.4339872044851463,-3.3735948817940584,1,0
Demo: general discussion about favorite worlds and characters.,youtube_demo,demo_story_access,general_discussion,neutral,5,0.1,0.3,1.791759469228055,0.5433407575382444,0,0
Demo: excited to introduce a friend to the franchise before KH4.,reddit_demo,demo_pc_release,new_customer_interest,positive,9,1.2,1.0,2.302585092994046,3.2131374409173805,0,1
Demo: positive reaction to combat footage without explicit purchase language.,youtube_demo,demo_trailer_reveal,general_discussion,positive,16,0.1,1.0,2.833213344056216,1.7233069356923676,0,0
Demo: concerned that long silence makes the launch feel risky.,reddit_demo,demo_news_wait,expectation_decay,negative,4,-1.5,-0.5,1.6094379124341003,-2.64377516497364,1,0
Demo: wants clearer recap material before committing to the next game.,youtube_demo,demo_story_access,confusion_barrier,neutral,8,-1.0,0.3,2.1972245773362196,-1.0076114408270707,1,0
