period_start,total_comments,youtube_comments,reddit_comments,actionable_count,actionable_rate,high_intent_count,high_intent_rate,frustrated_demand_count,frustrated_demand_rate,nostalgia_reactivation_count,nostalgia_reactivation_rate,actionable_probability_mass,mean_actionable_probability,n_with_probability,probability_coverage,mean_sentiment,mean_demand_score,last_event_name,event_window,major_announcement_flag,trailer_flag,event_type,days_since_event,weeks_since_event,event_active,event_decay,event_known_at_origin,event_annotation
2022-04-11T00:00:00+00:00,12,12,0,11,0.9166666666666666,2,0.16666666666666666,0,0.0,0,0.0,5.11664408285757,0.42638700690479747,12,1.0,-0.05919166666666667,1.6328143463320524,pre_announcement,pre_announcement,0,0,,,,0,0.0,False,retrospective
2022-04-18T00:00:00+00:00,3,3,0,3,1.0,1,0.3333333333333333,1,0.3333333333333333,0,0.0,1.249207537780648,0.4164025125935493,3,1.0,0.7956,2.9524331044023957,pre_announcement,pre_announcement,0,0,,,,0,0.0,False,retrospective
2022-04-25T00:00:00+00:00,0,0,0,0,,0,,0,,0,,0.0,,0,,,,pre_announcement,pre_announcement,0,0,,,,0,0.0,False,retrospective
2022-05-02T00:00:00+00:00,0,0,0,0,,0,,0,,0,,0.0,,0,,,,pre_announcement,pre_announcement,0,0,,,,0,0.0,False,retrospective
2022-05-09T00:00:00+00:00,0,0,0,0,,0,,0,,0,,0.0,,0,,,,pre_announcement,pre_announcement,0,0,,,,0,0.0,False,retrospective
2022-05-16T00:00:00+00:00,0,0,0,0,,0,,0,,0,,0.0,,0,,,,pre_announcement,pre_announcement,0,0,,,,0,0.0,False,retrospective
2022-05-23T00:00:00+00:00,0,0,0,0,,0,,0,,0,,0.0,,0,,,,pre_announcement,pre_announcement,0,0,,,,0,0.0,False,retrospective
2022-05-30T00:00:00+00:00,1,1,0,0,0.0,0,0.0,0,0.0,0,0.0,0.44668807889580875,0.44668807889580875,1,1.0,0.9941,1.454076340735502,pre_announcement,pre_announcement,0,0,,,,0,0.0,False,retrospective
2022-06-06T00:00:00+00:00,0,0,0,0,,0,,0,,0,,0.0,,0,,,,pre_announcement,pre_announcement,0,0,,,,0,0.0,False,retrospective
2022-06-13T00:00:00+00:00,2,2,0,2,1.0,2,1.0,0,0.0,0,0.0,0.676204389152683,0.3381021945763415,2,1.0,0.6486,3.5375278407684165,pre_announcement,pre_announcement,0,0,,,,0,0.0,False,retrospective
2022-06-20T00:00:00+00:00,0,0,0,0,,0,,0,,0,,0.0,,0,,,,pre_announcement,pre_announcement,0,0,,,,0,0.0,False,retrospective
2022-06-27T00:00:00+00:00,2,2,0,2,1.0,0,0.0,0,0.0,0,0.0,0.7429855554556539,0.37149277772782696,2,1.0,-0.36765000000000003,0.7,pre_announcement,pre_announcement,0,0,,,,0,0.0,False,retrospective
2022-07-04T00:00:00+00:00,0,0,0,0,,0,,0,,0,,0.0,,0,,,,pre_announcement,pre_announcement,0,0,,,,0,0.0,False,retrospective
2022-07-11T00:00:00+00:00,1,1,0,1,1.0,0,0.0,0,0.0,0,0.0,0.4747068174892888,0.4747068174892888,1,1.0,0.3543,2.2,pre_announcement,pre_announcement,0,0,,,,0,0.0,False,retrospective
2022-07-18T00:00:00+00:00,0,0,0,0,,0,,0,,0,,0.0,,0,,,,pre_announcement,pre_announcement,0,0,,,,0,0.0,False,retrospective
2022-07-25T00:00:00+00:00,0,0,0,0,,0,,0,,0,,0.0,,0,,,,pre_announcement,pre_announcement,0,0,,,,0,0.0,False,retrospective
2022-08-01T00:00:00+00:00,0,0,0,0,,0,,0,,0,,0.0,,0,,,,pre_announcement,pre_announcement,0,0,,,,0,0.0,False,retrospective
2022-08-08T00:00:00+00:00,0,0,0,0,,0,,0,,0,,0.0,,0,,,,pre_announcement,pre_announcement,0,0,,,,0,0.0,False,retrospective
2022-08-15T00:00:00+00:00,2,2,0,1,0.5,0,0.0,1,0.5,0,0.0,0.8475107055686442,0.4237553527843221,2,1.0,0.47945,1.366355323334387,pre_announcement,pre_announcement,0,0,,,,0,0.0,False,retrospective
2022-08-22T00:00:00+00:00,0,0,0,0,,0,,0,,0,,0.0,,0,,,,pre_announcement,pre_announcement,0,0,,,,0,0.0,False,retrospective
2022-08-29T00:00:00+00:00,0,0,0,0,,0,,0,,0,,0.0,,0,,,,pre_announcement,pre_announcement,0,0,,,,0,0.0,False,retrospective
2022-09-05T00:00:00+00:00,0,0,0,0,,0,,0,,0,,0.0,,0,,,,pre_announcement,pre_announcement,0,0,,,,0,0.0,False,retrospective
2022-09-12T00:00:00+00:00,0,0,0,0,,0,,0,,0,,0.0,,0,,,,pre_announcement,pre_announcement,0,0,,,,0,0.0,False,retrospective
2022-09-19T00:00:00+00:00,0,0,0,0,,0,,0,,0,,0.0,,0,,,,pre_announcement,pre_announcement,0,0,,,,0,0.0,False,retrospective
2022-09-26T00:00:00+00:00,0,0,0,0,,0,,0,,0,,0.0,,0,,,,pre_announcement,pre_announcement,0,0,,,,0,0.0,False,retrospective
2022-10-03T00:00:00+00:00,0,0,0,0,,0,,0,,0,,0.0,,0,,,,pre_announcement,pre_announcement,0,0,,,,0,0.0,False,retrospective
2022-10-10T00:00:00+00:00,0,0,0,0,,0,,0,,0,,0.0,,0,,,,pre_announcement,pre_announcement,0,0,,,,0,0.0,False,retrospective
2022-10-17T00:00:00+00:00,0,0,0,0,,0,,0,,0,,0.0,,0,,,,pre_announcement,pre_announcement,0,0,,,,0,0.0,False,retrospective
2022-10-24T00:00:00+00:00,0,0,0,0,,0,,0,,0,,0.0,,0,,,,pre_announcement,pre_announcement,0,0,,,,0,0.0,False,retrospective
2022-10-31T00:00:00+00:00,0,0,0,0,,0,,0,,0,,0.0,,0,,,,pre_announcement,pre_announcement,0,0,,,,0,0.0,False,retrospective
2022-11-07T00:00:00+00:00,0,0,0,0,,0,,0,,0,,0.0,,0,,,,pre_announcement,pre_announcement,0,0,,,,0,0.0,False,retrospective
2022-11-14T00:00:00+00:00,0,0,0,0,,0,,0,,0,,0.0,,0,,,,pre_announcement,pre_announcement,0,0,,,,0,0.0,False,retrospective
2022-11-21T00:00:00+00:00,0,0,0,0,,0,,0,,0,,0.0,,0,,,,pre_announcement,pre_announcement,0,0,,,,0,0.0,False,retrospective
2022-11-28T00:00:00+00:00,0,0,0,0,,0,,0,,0,,0.0,,0,,,,pre_announcement,pre_announcement,0,0,,,,0,0.0,False,retrospective
2022-12-05T00:00:00+00:00,1,1,0,1,1.0,0,0.0,0,0.0,0,0.0,0.35720970586447987,0.35720970586447987,1,1.0,0.0258,1.829583686600433,pre_announcement,pre_announcement,0,0,,,,0,0.0,False,retrospective
2022-12-12T00:00:00+00:00,0,0,0,0,,0,,0,,0,,0.0,,0,,,,pre_announcement,pre_announcement,0,0,,,,0,0.0,False,retrospective
2022-12-19T00:00:00+00:00,0,0,0,0,,0,,0,,0,,0.0,,0,,,,pre_announcement,pre_announcement,0,0,,,,0,0.0,False,retrospective
2022-12-26T00:00:00+00:00,0,0,0,0,,0,,0,,0,,0.0,,0,,,,pre_announcement,pre_announcement,0,0,,,,0,0.0,False,retrospective
2023-01-02T00:00:00+00:00,0,0,0,0,,0,,0,,0,,0.0,,0,,,,pre_announcement,pre_announcement,0,0,,,,0,0.0,False,retrospective
2023-01-09T00:00:00+00:00,0,0,0,0,,0,,0,,0,,0.0,,0,,,,pre_announcement,pre_announcement,0,0,,,,0,0.0,False,retrospective
2023-01-16T00:00:00+00:00,0,0,0,0,,0,,0,,0,,0.0,,0,,,,pre_announcement,pre_announcement,0,0,,,,0,0.0,False,retrospective
2023-01-23T00:00:00+00:00,0,0,0,0,,0,,0,,0,,0.0,,0,,,,pre_announcement,pre_announcement,0,0,,,,0,0.0,False,retrospective
2023-01-30T00:00:00+00:00,0,0,0,0,,0,,0,,0,,0.0,,0,,,,pre_announcement,pre_announcement,0,0,,,,0,0.0,False,retrospective
2023-02-06T00:00:00+00:00,0,0,0,0,,0,,0,,0,,0.0,,0,,,,pre_announcement,pre_announcement,0,0,,,,0,0.0,False,retrospective
2023-02-13T00:00:00+00:00,0,0,0,0,,0,,0,,0,,0.0,,0,,,,pre_announcement,pre_announcement,0,0,,,,0,0.0,False,retrospective
2023-02-20T00:00:00+00:00,0,0,0,0,,0,,0,,0,,0.0,,0,,,,pre_announcement,pre_announcement,0,0,,,,0,0.0,False,retrospective
2023-02-27T00:00:00+00:00,0,0,0,0,,0,,0,,0,,0.0,,0,,,,pre_announcement,pre_announcement,0,0,,,,0,0.0,False,retrospective
2023-03-06T00:00:00+00:00,0,0,0,0,,0,,0,,0,,0.0,,0,,,,pre_announcement,pre_announcement,0,0,,,,0,0.0,False,retrospective
2023-03-13T00:00:00+00:00,0,0,0,0,,0,,0,,0,,0.0,,0,,,,pre_announcement,pre_announcement,0,0,,,,0,0.0,False,retrospective
2023-03-20T00:00:00+00:00,0,0,0,0,,0,,0,,0,,0.0,,0,,,,pre_announcement,pre_announcement,0,0,,,,0,0.0,False,retrospective
2023-03-27T00:00:00+00:00,1,1,0,1,1.0,0,0.0,0,0.0,0,0.0,0.518681738066498,0.518681738066498,1,1.0,-0.6597,-1.829583686600433,pre_announcement,pre_announcement,0,0,,,,0,0.0,False,retrospective
2023-04-03T00:00:00+00:00,1,0,1,1,1.0,1,1.0,0,0.0,0,0.0,0.5545450699846328,0.5545450699846328,1,1.0,0.9995,3.96566274746046,pre_announcement,pre_announcement,0,0,,,,0,0.0,False,retrospective
2023-04-10T00:00:00+00:00,0,0,0,0,,0,,0,,0,,0.0,,0,,,,pre_announcement,pre_announcement,0,0,,,,0,0.0,False,retrospective
2023-04-17T00:00:00+00:00,0,0,0,0,,0,,0,,0,,0.0,,0,,,,pre_announcement,pre_announcement,0,0,,,,0,0.0,False,retrospective
2023-04-24T00:00:00+00:00,0,0,0,0,,0,,0,,0,,0.0,,0,,,,pre_announcement,pre_announcement,0,0,,,,0,0.0,False,retrospective
2023-05-01T00:00:00+00:00,0,0,0,0,,0,,0,,0,,0.0,,0,,,,pre_announcement,pre_announcement,0,0,,,,0,0.0,False,retrospective
2023-05-08T00:00:00+00:00,0,0,0,0,,0,,0,,0,,0.0,,0,,,,pre_announcement,pre_announcement,0,0,,,,0,0.0,False,retrospective
2023-05-15T00:00:00+00:00,0,0,0,0,,0,,0,,0,,0.0,,0,,,,pre_announcement,pre_announcement,0,0,,,,0,0.0,False,retrospective
2023-05-22T00:00:00+00:00,0,0,0,0,,0,,0,,0,,0.0,,0,,,,pre_announcement,pre_announcement,0,0,,,,0,0.0,False,retrospective
2023-05-29T00:00:00+00:00,0,0,0,0,,0,,0,,0,,0.0,,0,,,,pre_announcement,pre_announcement,0,0,,,,0,0.0,False,retrospective
2023-06-05T00:00:00+00:00,0,0,0,0,,0,,0,,0,,0.0,,0,,,,pre_announcement,pre_announcement,0,0,,,,0,0.0,False,retrospective
2023-06-12T00:00:00+00:00,0,0,0,0,,0,,0,,0,,0.0,,0,,,,pre_announcement,pre_announcement,0,0,,,,0,0.0,False,retrospective
2023-06-19T00:00:00+00:00,0,0,0,0,,0,,0,,0,,0.0,,0,,,,pre_announcement,pre_announcement,0,0,,,,0,0.0,False,retrospective
2023-06-26T00:00:00+00:00,1,1,0,1,1.0,0,0.0,0,0.0,0,0.0,0.3486549908129756,0.3486549908129756,1,1.0,-0.5574,0.7970406052783923,pre_announcement,pre_announcement,0,0,,,,0,0.0,False,retrospective
2023-07-03T00:00:00+00:00,0,0,0,0,,0,,0,,0,,0.0,,0,,,,pre_announcement,pre_announcement,0,0,,,,0,0.0,False,retrospective
2023-07-10T00:00:00+00:00,0,0,0,0,,0,,0,,0,,0.0,,0,,,,pre_announcement,pre_announcement,0,0,,,,0,0.0,False,retrospective
2023-07-17T00:00:00+00:00,0,0,0,0,,0,,0,,0,,0.0,,0,,,,pre_announcement,pre_announcement,0,0,,,,0,0.0,False,retrospective
2023-07-24T00:00:00+00:00,0,0,0,0,,0,,0,,0,,0.0,,0,,,,pre_announcement,pre_announcement,0,0,,,,0,0.0,False,retrospective
2023-07-31T00:00:00+00:00,0,0,0,0,,0,,0,,0,,0.0,,0,,,,pre_announcement,pre_announcement,0,0,,,,0,0.0,False,retrospective
2023-08-07T00:00:00+00:00,1,1,0,1,1.0,1,1.0,0,0.0,0,0.0,0.5081170016051968,0.5081170016051968,1,1.0,0.7829,3.8317766166719354,pre_announcement,pre_announcement,0,0,,,,0,0.0,False,retrospective
2023-08-14T00:00:00+00:00,0,0,0,0,,0,,0,,0,,0.0,,0,,,,pre_announcement,pre_announcement,0,0,,,,0,0.0,False,retrospective
2023-08-21T00:00:00+00:00,0,0,0,0,,0,,0,,0,,0.0,,0,,,,pre_announcement,pre_announcement,0,0,,,,0,0.0,False,retrospective
2023-08-28T00:00:00+00:00,1,1,0,0,0.0,0,0.0,0,0.0,0,0.0,0.530184517595778,0.530184517595778,1,1.0,0.8146,1.2524923797231882,pre_announcement,pre_announcement,0,0,,,,0,0.0,False,retrospective
2023-09-04T00:00:00+00:00,0,0,0,0,,0,,0,,0,,0.0,,0,,,,pre_announcement,pre_announcement,0,0,,,,0,0.0,False,retrospective
2023-09-11T00:00:00+00:00,0,0,0,0,,0,,0,,0,,0.0,,0,,,,pre_announcement,pre_announcement,0,0,,,,0,0.0,False,retrospective
2023-09-18T00:00:00+00:00,1,1,0,1,1.0,0,0.0,1,1.0,0,0.0,0.5015799755223989,0.5015799755223989,1,1.0,0.4299,2.0,pre_announcement,pre_announcement,0,0,,,,0,0.0,False,retrospective
2023-09-25T00:00:00+00:00,1,1,0,1,1.0,0,0.0,1,1.0,0,0.0,0.3528092722819265,0.3528092722819265,1,1.0,0.6486,2.277258872223978,pre_announcement,pre_announcement,0,0,,,,0,0.0,False,retrospective
2023-10-02T00:00:00+00:00,0,0,0,0,,0,,0,,0,,0.0,,0,,,,pre_announcement,pre_announcement,0,0,,,,0,0.0,False,retrospective
2023-10-09T00:00:00+00:00,0,0,0,0,,0,,0,,0,,0.0,,0,,,,pre_announcement,pre_announcement,0,0,,,,0,0.0,False,retrospective
2023-10-16T00:00:00+00:00,0,0,0,0,,0,,0,,0,,0.0,,0,,,,pre_announcement,pre_announcement,0,0,,,,0,0.0,False,retrospective
2023-10-23T00:00:00+00:00,0,0,0,0,,0,,0,,0,,0.0,,0,,,,pre_announcement,pre_announcement,0,0,,,,0,0.0,False,retrospective
2023-10-30T00:00:00+00:00,0,0,0,0,,0,,0,,0,,0.0,,0,,,,pre_announcement,pre_announcement,0,0,,,,0,0.0,False,retrospective
2023-11-06T00:00:00+00:00,0,0,0,0,,0,,0,,0,,0.0,,0,,,,pre_announcement,pre_announcement,0,0,,,,0,0.0,False,retrospective
2023-11-13T00:00:00+00:00,1,1,0,1,1.0,0,0.0,0,0.0,0,0.0,0.35945097573429885,0.35945097573429885,1,1.0,0.4215,2.2,pre_announcement,pre_announcement,0,0,,,,0,0.0,False,retrospective
2023-11-20T00:00:00+00:00,0,0,0,0,,0,,0,,0,,0.0,,0,,,,pre_announcement,pre_announcement,0,0,,,,0,0.0,False,retrospective
2023-11-27T00:00:00+00:00,0,0,0,0,,0,,0,,0,,0.0,,0,,,,pre_announcement,pre_announcement,0,0,,,,0,0.0,False,retrospective
2023-12-04T00:00:00+00:00,0,0,0,0,,0,,0,,0,,0.0,,0,,,,pre_announcement,pre_announcement,0,0,,,,0,0.0,False,retrospective
2023-12-11T00:00:00+00:00,0,0,0,0,,0,,0,,0,,0.0,,0,,,,pre_announcement,pre_announcement,0,0,,,,0,0.0,False,retrospective
2023-12-18T00:00:00+00:00,0,0,0,0,,0,,0,,0,,0.0,,0,,,,pre_announcement,pre_announcement,0,0,,,,0,0.0,False,retrospective
2023-12-25T00:00:00+00:00,0,0,0,0,,0,,0,,0,,0.0,,0,,,,pre_announcement,pre_announcement,0,0,,,,0,0.0,False,retrospective
2024-01-01T00:00:00+00:00,0,0,0,0,,0,,0,,0,,0.0,,0,,,,pre_announcement,pre_announcement,0,0,,,,0,0.0,False,retrospective
2024-01-08T00:00:00+00:00,0,0,0,0,,0,,0,,0,,0.0,,0,,,,pre_announcement,pre_announcement,0,0,,,,0,0.0,False,retrospective
2024-01-15T00:00:00+00:00,0,0,0,0,,0,,0,,0,,0.0,,0,,,,pre_announcement,pre_announcement,0,0,,,,0,0.0,False,retrospective
2024-01-22T00:00:00+00:00,0,0,0,0,,0,,0,,0,,0.0,,0,,,,pre_announcement,pre_announcement,0,0,,,,0,0.0,False,retrospective
2024-01-29T00:00:00+00:00,0,0,0,0,,0,,0,,0,,0.0,,0,,,,pre_announcement,pre_announcement,0,0,,,,0,0.0,False,retrospective
2024-02-05T00:00:00+00:00,0,0,0,0,,0,,0,,0,,0.0,,0,,,,pre_announcement,pre_announcement,0,0,,,,0,0.0,False,retrospective
2024-02-12T00:00:00+00:00,0,0,0,0,,0,,0,,0,,0.0,,0,,,,pre_announcement,pre_announcement,0,0,,,,0,0.0,False,retrospective
2024-02-19T00:00:00+00:00,0,0,0,0,,0,,0,,0,,0.0,,0,,,,pre_announcement,pre_announcement,0,0,,,,0,0.0,False,retrospective
2024-02-26T00:00:00+00:00,0,0,0,0,,0,,0,,0,,0.0,,0,,,,pre_announcement,pre_announcement,0,0,,,,0,0.0,False,retrospective
2024-03-04T00:00:00+00:00,0,0,0,0,,0,,0,,0,,0.0,,0,,,,pre_announcement,pre_announcement,0,0,,,,0,0.0,False,retrospective
2024-03-11T00:00:00+00:00,0,0,0,0,,0,,0,,0,,0.0,,0,,,,pre_announcement,pre_announcement,0,0,,,,0,0.0,False,retrospective
2024-03-18T00:00:00+00:00,0,0,0,0,,0,,0,,0,,0.0,,0,,,,pre_announcement,pre_announcement,0,0,,,,0,0.0,False,retrospective
2024-03-25T00:00:00+00:00,0,0,0,0,,0,,0,,0,,0.0,,0,,,,pre_announcement,pre_announcement,0,0,,,,0,0.0,False,retrospective
2024-04-01T00:00:00+00:00,0,0,0,0,,0,,0,,0,,0.0,,0,,,,pre_announcement,pre_announcement,0,0,,,,0,0.0,False,retrospective
2024-04-08T00:00:00+00:00,1,0,1,1,1.0,0,0.0,0,0.0,1,1.0,0.43524416262512,0.43524416262512,1,1.0,0.9848,2.5,pre_announcement,pre_announcement,0,0,,,,0,0.0,False,retrospective
2024-04-15T00:00:00+00:00,0,0,0,0,,0,,0,,0,,0.0,,0,,,,pre_announcement,pre_announcement,0,0,,,,0,0.0,False,retrospective
2024-04-22T00:00:00+00:00,0,0,0,0,,0,,0,,0,,0.0,,0,,,,pre_announcement,pre_announcement,0,0,,,,0,0.0,False,retrospective
2024-04-29T00:00:00+00:00,0,0,0,0,,0,,0,,0,,0.0,,0,,,,pre_announcement,pre_announcement,0,0,,,,0,0.0,False,retrospective
2024-05-06T00:00:00+00:00,0,0,0,0,,0,,0,,0,,0.0,,0,,,,pre_announcement,pre_announcement,0,0,,,,0,0.0,False,retrospective
2024-05-13T00:00:00+00:00,0,0,0,0,,0,,0,,0,,0.0,,0,,,,pre_announcement,pre_announcement,0,0,,,,0,0.0,False,retrospective
2024-05-20T00:00:00+00:00,0,0,0,0,,0,,0,,0,,0.0,,0,,,,pre_announcement,pre_announcement,0,0,,,,0,0.0,False,retrospective
2024-05-27T00:00:00+00:00,7,7,0,6,0.8571428571428571,1,0.14285714285714285,0,0.0,3,0.42857142857142855,3.509451635020036,0.5013502335742909,7,1.0,0.7110142857142857,2.7793366491711486,pre_announcement,pre_announcement,0,0,,,,0,0.0,False,retrospective
2024-06-03T00:00:00+00:00,4,4,0,2,0.5,2,0.5,0,0.0,0,0.0,2.0633935052843553,0.5158483763210888,4,1.0,0.15414999999999998,1.6039720770839918,pre_announcement,pre_announcement,0,0,,,,0,0.0,False,retrospective
2024-06-10T00:00:00+00:00,8,8,0,7,0.875,5,0.625,0,0.0,0,0.0,4.245418176804714,0.5306772721005892,8,1.0,0.611025,1.8414720770839919,pre_announcement,pre_announcement,0,0,,,,0,0.0,False,retrospective
2024-06-17T00:00:00+00:00,6,6,0,5,0.8333333333333334,2,0.3333333333333333,1,0.16666666666666666,2,0.3333333333333333,2.7657077257749734,0.4609512876291622,6,1.0,0.2606833333333333,1.7948028094534836,pre_announcement,pre_announcement,0,0,,,,0,0.0,False,retrospective
2024-06-24T00:00:00+00:00,2,2,0,1,0.5,1,0.5,0,0.0,0,0.0,0.7875207210164566,0.3937603605082283,2,1.0,0.0,1.3777258872223976,pre_announcement,pre_announcement,0,0,,,,0,0.0,False,retrospective
2024-07-01T00:00:00+00:00,1,1,0,1,1.0,0,0.0,0,0.0,1,1.0,0.5435059971769587,0.5435059971769587,1,1.0,0.9827,2.5,pre_announcement,pre_announcement,0,0,,,,0,0.0,False,retrospective
2024-07-08T00:00:00+00:00,1,1,0,1,1.0,0,0.0,0,0.0,0,0.0,0.5277457521369908,0.5277457521369908,1,1.0,0.7087,0.0,pre_announcement,pre_announcement,0,0,,,,0,0.0,False,retrospective
2024-07-15T00:00:00+00:00,0,0,0,0,,0,,0,,0,,0.0,,0,,,,pre_announcement,pre_announcement,0,0,,,,0,0.0,False,retrospective
2024-07-22T00:00:00+00:00,0,0,0,0,,0,,0,,0,,0.0,,0,,,,pre_announcement,pre_announcement,0,0,,,,0,0.0,False,retrospective
2024-07-29T00:00:00+00:00,0,0,0,0,,0,,0,,0,,0.0,,0,,,,pre_announcement,pre_announcement,0,0,,,,0,0.0,False,retrospective
2024-08-05T00:00:00+00:00,1,1,0,1,1.0,0,0.0,1,1.0,0,0.0,0.5080002896059868,0.5080002896059868,1,1.0,0.0,1.718453857232866,pre_announcement,pre_announcement,0,0,,,,0,0.0,False,retrospective
2024-08-12T00:00:00+00:00,1,1,0,1,1.0,0,0.0,0,0.0,1,1.0,0.5280101413359624,0.5280101413359624,1,1.0,0.9247,2.8465735902799727,pre_announcement,pre_announcement,0,0,,,,0,0.0,False,retrospective
2024-08-19T00:00:00+00:00,1,1,0,1,1.0,0,0.0,0,0.0,0,0.0,0.35272327851554286,0.35272327851554286,1,1.0,-0.34,0.7,pre_announcement,pre_announcement,0,0,,,,0,0.0,False,retrospective
2024-08-26T00:00:00+00:00,0,0,0,0,,0,,0,,0,,0.0,,0,,,,pre_announcement,pre_announcement,0,0,,,,0,0.0,False,retrospective
2024-09-02T00:00:00+00:00,2,2,0,2,1.0,1,0.5,0,0.0,1,0.5,0.9909316790975121,0.49546583954875606,2,1.0,-0.29155,2.1098612288668113,pre_announcement,pre_announcement,0,0,,,,0,0.0,False,retrospective
2024-09-09T00:00:00+00:00,0,0,0,0,,0,,0,,0,,0.0,,0,,,,pre_announcement,pre_announcement,0,0,,,,0,0.0,False,retrospective
2024-09-16T00:00:00+00:00,1,0,1,1,1.0,0,0.0,0,0.0,1,1.0,0.5578843566286896,0.5578843566286896,1,1.0,0.9943,3.916606672028108,pre_announcement,pre_announcement,0,0,,,,0,0.0,False,retrospective
2024-09-23T00:00:00+00:00,0,0,0,0,,0,,0,,0,,0.0,,0,,,,pre_announcement,pre_announcement,0,0,,,,0,0.0,False,retrospective
2024-09-30T00:00:00+00:00,0,0,0,0,,0,,0,,0,,0.0,,0,,,,pre_announcement,pre_announcement,0,0,,,,0,0.0,False,retrospective
2024-10-07T00:00:00+00:00,0,0,0,0,,0,,0,,0,,0.0,,0,,,,pre_announcement,pre_announcement,0,0,,,,0,0.0,False,retrospective
2024-10-14T00:00:00+00:00,0,0,0,0,,0,,0,,0,,0.0,,0,,,,pre_announcement,pre_announcement,0,0,,,,0,0.0,False,retrospective
2024-10-21T00:00:00+00:00,0,0,0,0,,0,,0,,0,,0.0,,0,,,,pre_announcement,pre_announcement,0,0,,,,0,0.0,False,retrospective
2024-10-28T00:00:00+00:00,1,1,0,1,1.0,0,0.0,1,1.0,0,0.0,0.5016993406604939,0.5016993406604939,1,1.0,0.0,1.5856391950537083,pre_announcement,pre_announcement,0,0,,,,0,0.0,False,retrospective
2024-11-04T00:00:00+00:00,0,0,0,0,,0,,0,,0,,0.0,,0,,,,pre_announcement,pre_announcement,0,0,,,,0,0.0,False,retrospective
2024-11-11T00:00:00+00:00,0,0,0,0,,0,,0,,0,,0.0,,0,,,,pre_announcement,pre_announcement,0,0,,,,0,0.0,False,retrospective
2024-11-18T00:00:00+00:00,1,1,0,1,1.0,0,0.0,1,1.0,0,0.0,0.49513770725034467,0.49513770725034467,1,1.0,0.5255,2.277258872223978,pre_announcement,pre_announcement,0,0,,,,0,0.0,False,retrospective
2024-11-25T00:00:00+00:00,0,0,0,0,,0,,0,,0,,0.0,,0,,,,pre_announcement,pre_announcement,0,0,,,,0,0.0,False,retrospective
2024-12-02T00:00:00+00:00,0,0,0,0,,0,,0,,0,,0.0,,0,,,,pre_announcement,pre_announcement,0,0,,,,0,0.0,False,retrospective
2024-12-09T00:00:00+00:00,1,1,0,1,1.0,0,0.0,1,1.0,0,0.0,0.5396641573325185,0.5396641573325185,1,1.0,-0.7876,0.739789527279837,pre_announcement,pre_announcement,0,0,,,,0,0.0,False,retrospective
2024-12-16T00:00:00+00:00,0,0,0,0,,0,,0,,0,,0.0,,0,,,,pre_announcement,pre_announcement,0,0,,,,0,0.0,False,retrospective
2024-12-23T00:00:00+00:00,1,1,0,1,1.0,0,0.0,0,0.0,0,0.0,0.6278749398712453,0.6278749398712453,1,1.0,0.8844,0.0,pre_announcement,pre_announcement,0,0,,,,0,0.0,False,retrospective
2024-12-30T00:00:00+00:00,2,1,1,2,1.0,0,0.0,1,0.5,0,0.0,0.9658993602742599,0.48294968013712997,2,1.0,0.71655,1.138629436111989,pre_announcement,pre_announcement,0,0,,,,0,0.0,False,retrospective
2025-01-06T00:00:00+00:00,0,0,0,0,,0,,0,,0,,0.0,,0,,,,pre_announcement,pre_announcement,0,0,,,,0,0.0,False,retrospective
2025-01-13T00:00:00+00:00,1,1,0,0,0.0,0,0.0,0,0.0,0,0.0,0.3770402746510757,0.3770402746510757,1,1.0,0.9311,2.0584759418717105,pre_announcement,pre_announcement,0,0,,,,0,0.0,False,retrospective
2025-01-20T00:00:00+00:00,2,2,0,2,1.0,0,0.0,0,0.0,0,0.0,1.172227718728394,0.586113859364197,2,1.0,0.7374499999999999,0.0,pre_announcement,pre_announcement,0,0,,,,0,0.0,False,retrospective
2025-01-27T00:00:00+00:00,3,3,0,3,1.0,0,0.0,0,0.0,1,0.3333333333333333,1.7652090817688133,0.5884030272562711,3,1.0,0.4651666666666667,0.8335092178866376,pre_announcement,pre_announcement,0,0,,,,0,0.0,False,retrospective
2025-02-03T00:00:00+00:00,1,1,0,1,1.0,0,0.0,0,0.0,1,1.0,0.5660047874385372,0.5660047874385372,1,1.0,0.4019,3.0493061443340546,pre_announcement,pre_announcement,0,0,,,,0,0.0,False,retrospective
2025-02-10T00:00:00+00:00,2,2,0,1,0.5,0,0.0,1,0.5,0,0.0,0.8156505367465017,0.40782526837325084,2,1.0,0.26080000000000003,1.7608501710826174,pre_announcement,pre_announcement,0,0,,,,0,0.0,False,retrospective
2025-02-17T00:00:00+00:00,1,1,0,0,0.0,0,0.0,0,0.0,0,0.0,0.5902084427940546,0.5902084427940546,1,1.0,0.8271,1.4941870832301722,pre_announcement,pre_announcement,0,0,,,,0,0.0,False,retrospective
2025-02-24T00:00:00+00:00,0,0,0,0,,0,,0,,0,,0.0,,0,,,,pre_announcement,pre_announcement,0,0,,,,0,0.0,False,retrospective
2025-03-03T00:00:00+00:00,1,1,0,0,0.0,0,0.0,0,0.0,0,0.0,0.3648498768331665,0.3648498768331665,1,1.0,0.0,0.4,pre_announcement,pre_announcement,0,0,,,,0,0.0,False,retrospective
2025-03-10T00:00:00+00:00,2,2,0,2,1.0,0,0.0,1,0.5,1,0.5,0.9390984128710561,0.46954920643552805,2,1.0,0.3787,2.174653072167027,pre_announcement,pre_announcement,0,0,,,,0,0.0,False,retrospective
2025-03-17T00:00:00+00:00,1,1,0,1,1.0,0,0.0,0,0.0,1,1.0,0.3870357403693867,0.3870357403693867,1,1.0,0.9072,2.8465735902799727,pre_announcement,pre_announcement,0,0,,,,0,0.0,False,retrospective
2025-03-24T00:00:00+00:00,0,0,0,0,,0,,0,,0,,0.0,,0,,,,pre_announcement,pre_announcement,0,0,,,,0,0.0,False,retrospective
2025-03-31T00:00:00+00:00,3,3,0,3,1.0,1,0.3333333333333333,2,0.6666666666666666,0,0.0,1.4620299364864542,0.4873433121621514,3,1.0,-0.3032333333333333,1.782240678785331,pre_announcement,pre_announcement,0,0,,,,0,0.0,False,retrospective
2025-04-07T00:00:00+00:00,1,1,0,1,1.0,1,1.0,0,0.0,0,0.0,0.38931575440608013,0.38931575440608013,1,1.0,0.9419,4.075055681536833,pre_announcement,pre_announcement,0,0,,,,0,0.0,False,retrospective
2025-04-14T00:00:00+00:00,1,0,1,1,1.0,0,0.0,0,0.0,1,1.0,0.6409618424161188,0.6409618424161188,1,1.0,0.9979,2.8465735902799727,pre_announcement,pre_announcement,0,0,,,,0,0.0,False,retrospective
2025-04-21T00:00:00+00:00,0,0,0,0,,0,,0,,0,,0.0,,0,,,,pre_announcement,pre_announcement,0,0,,,,0,0.0,False,retrospective
2025-04-28T00:00:00+00:00,0,0,0,0,,0,,0,,0,,0.0,,0,,,,pre_announcement,pre_announcement,0,0,,,,0,0.0,False,retrospective
2025-05-05T00:00:00+00:00,1,0,1,1,1.0,1,1.0,0,0.0,0,0.0,0.5800632125254277,0.5800632125254277,1,1.0,0.9991,3.4158883083359672,pre_announcement,pre_announcement,0,0,,,,0,0.0,False,retrospective
2025-05-12T00:00:00+00:00,3,1,2,3,1.0,0,0.0,0,0.0,1,0.3333333333333333,1.4442202720108246,0.48140675733694155,3,1.0,0.07140000000000002,1.2838527832421163,pre_announcement,pre_announcement,0,0,,,,0,0.0,False,retrospective
2025-05-19T00:00:00+00:00,2,2,0,2,1.0,1,0.5,0,0.0,0,0.0,1.1627587476068457,0.5813793738034229,2,1.0,0.053649999999999975,1.4091673732008658,pre_announcement,pre_announcement,0,0,,,,0,0.0,False,retrospective
2025-05-26T00:00:00+00:00,0,0,0,0,,0,,0,,0,,0.0,,0,,,,pre_announcement,pre_announcement,0,0,,,,0,0.0,False,retrospective
2025-06-02T00:00:00+00:00,0,0,0,0,,0,,0,,0,,0.0,,0,,,,pre_announcement,pre_announcement,0,0,,,,0,0.0,False,retrospective
2025-06-09T00:00:00+00:00,0,0,0,0,,0,,0,,0,,0.0,,0,,,,pre_announcement,pre_announcement,0,0,,,,0,0.0,False,retrospective
2025-06-16T00:00:00+00:00,0,0,0,0,,0,,0,,0,,0.0,,0,,,,pre_announcement,pre_announcement,0,0,,,,0,0.0,False,retrospective
2025-06-23T00:00:00+00:00,0,0,0,0,,0,,0,,0,,0.0,,0,,,,pre_announcement,pre_announcement,0,0,,,,0,0.0,False,retrospective
2025-06-30T00:00:00+00:00,0,0,0,0,,0,,0,,0,,0.0,,0,,,,pre_announcement,pre_announcement,0,0,,,,0,0.0,False,retrospective
2025-07-07T00:00:00+00:00,0,0,0,0,,0,,0,,0,,0.0,,0,,,,pre_announcement,pre_announcement,0,0,,,,0,0.0,False,retrospective
2025-07-14T00:00:00+00:00,0,0,0,0,,0,,0,,0,,0.0,,0,,,,pre_announcement,pre_announcement,0,0,,,,0,0.0,False,retrospective
2025-07-21T00:00:00+00:00,0,0,0,0,,0,,0,,0,,0.0,,0,,,,pre_announcement,pre_announcement,0,0,,,,0,0.0,False,retrospective
2025-07-28T00:00:00+00:00,0,0,0,0,,0,,0,,0,,0.0,,0,,,,pre_announcement,pre_announcement,0,0,,,,0,0.0,False,retrospective
2025-08-04T00:00:00+00:00,0,0,0,0,,0,,0,,0,,0.0,,0,,,,pre_announcement,pre_announcement,0,0,,,,0,0.0,False,retrospective
2025-08-11T00:00:00+00:00,1,1,0,1,1.0,1,1.0,0,0.0,0,0.0,0.5096123265386545,0.5096123265386545,1,1.0,0.9062,3.0,pre_announcement,pre_announcement,0,0,,,,0,0.0,False,retrospective
2025-08-18T00:00:00+00:00,1,1,0,0,0.0,0,0.0,0,0.0,0,0.0,0.35026581371797605,0.35026581371797605,1,1.0,0.8591,1.2524923797231882,pre_announcement,pre_announcement,0,0,,,,0,0.0,False,retrospective
2025-08-25T00:00:00+00:00,2,2,0,2,1.0,0,0.0,0,0.0,2,1.0,1.044097448719256,0.522048724359628,2,1.0,0.89015,3.701005261183314,pre_announcement,pre_announcement,0,0,,,,0,0.0,False,retrospective
2025-09-01T00:00:00+00:00,2,2,0,2,1.0,0,0.0,0,0.0,1,0.5,0.9914784403618979,0.49573922018094896,2,1.0,-0.63995,-0.25,pre_announcement,pre_announcement,0,0,,,,0,0.0,False,retrospective
2025-09-08T00:00:00+00:00,1,1,0,1,1.0,0,0.0,0,0.0,1,1.0,0.516949552947876,0.516949552947876,1,1.0,0.9407,2.8465735902799727,pre_announcement,pre_announcement,0,0,,,,0,0.0,False,retrospective
2025-09-15T00:00:00+00:00,0,0,0,0,,0,,0,,0,,0.0,,0,,,,pre_announcement,pre_announcement,0,0,,,,0,0.0,False,retrospective
2025-09-22T00:00:00+00:00,2,2,0,1,0.5,0,0.0,0,0.0,1,0.5,1.0181224121612886,0.5090612060806443,2,1.0,0.7245,2.1508992620286214,pre_announcement,pre_announcement,0,0,,,,0,0.0,False,retrospective
2025-09-29T00:00:00+00:00,2,2,0,1,0.5,0,0.0,0,0.0,1,0.5,0.9917573043956357,0.49587865219781785,2,1.0,0.80035,1.8,pre_announcement,pre_announcement,0,0,,,,0,0.0,False,retrospective
2025-10-06T00:00:00+00:00,1,1,0,1,1.0,0,0.0,0,0.0,1,1.0,0.5524034726320426,0.5524034726320426,1,1.0,-0.1027,1.0,pre_announcement,pre_announcement,0,0,,,,0,0.0,False,retrospective
2025-10-13T00:00:00+00:00,1,1,0,1,1.0,0,0.0,1,1.0,0,0.0,0.5489732535461163,0.5489732535461163,1,1.0,0.0,1.5856391950537083,pre_announcement,pre_announcement,0,0,,,,0,0.0,False,retrospective
2025-10-20T00:00:00+00:00,1,1,0,1,1.0,0,0.0,0,0.0,1,1.0,0.3927136215779211,0.3927136215779211,1,1.0,0.7902,2.5,pre_announcement,pre_announcement,0,0,,,,0,0.0,False,retrospective
2025-10-27T00:00:00+00:00,0,0,0,0,,0,,0,,0,,0.0,,0,,,,pre_announcement,pre_announcement,0,0,,,,0,0.0,False,retrospective
2025-11-03T00:00:00+00:00,12,12,0,8,0.6666666666666666,3,0.25,2,0.16666666666666666,1,0.08333333333333333,5.445023606427111,0.45375196720225924,12,1.0,0.4640583333333333,1.750339864046377,pre_announcement,pre_announcement,0,0,,,,0,0.0,False,retrospective
2025-11-10T00:00:00+00:00,2,2,0,2,1.0,0,0.0,0,0.0,0,0.0,1.030309381271616,0.515154690635808,2,1.0,-0.17845,0.35,pre_announcement,pre_announcement,0,0,,,,0,0.0,False,retrospective
2025-11-17T00:00:00+00:00,1,1,0,1,1.0,0,0.0,1,1.0,0,0.0,0.47352161102301216,0.47352161102301216,1,1.0,-0.296,0.6386294361119891,pre_announcement,pre_announcement,0,0,,,,0,0.0,False,retrospective
2025-11-24T00:00:00+00:00,2,2,0,2,1.0,0,0.0,0,0.0,2,1.0,0.8077451971850533,0.40387259859252667,2,1.0,0.42545,2.6732867951399863,pre_announcement,pre_announcement,0,0,,,,0,0.0,False,retrospective
2025-12-01T00:00:00+00:00,2,2,0,1,0.5,0,0.0,0,0.0,0,0.0,1.131864055764921,0.5659320278824606,2,1.0,0.65235,0.7640501163960846,pre_announcement,pre_announcement,0,0,,,,0,0.0,False,retrospective
2025-12-08T00:00:00+00:00,0,0,0,0,,0,,0,,0,,0.0,,0,,,,pre_announcement,pre_announcement,0,0,,,,0,0.0,False,retrospective
2025-12-15T00:00:00+00:00,0,0,0,0,,0,,0,,0,,0.0,,0,,,,pre_announcement,pre_announcement,0,0,,,,0,0.0,False,retrospective
2025-12-22T00:00:00+00:00,0,0,0,0,,0,,0,,0,,0.0,,0,,,,pre_announcement,pre_announcement,0,0,,,,0,0.0,False,retrospective
2025-12-29T00:00:00+00:00,1,1,0,1,1.0,0,0.0,0,0.0,0,0.0,0.6126734219088188,0.6126734219088188,1,1.0,0.1695,0.0,pre_announcement,pre_announcement,0,0,,,,0,0.0,False,retrospective
2026-01-05T00:00:00+00:00,11,11,0,11,1.0,0,0.0,1,0.09090909090909091,1,0.09090909090909091,4.264519576005112,0.38768359781864653,11,1.0,0.39447272727272725,2.1266976347281212,pre_announcement,pre_announcement,0,0,,,,0,0.0,False,retrospective
2026-01-12T00:00:00+00:00,0,0,0,0,,0,,0,,0,,0.0,,0,,,,pre_announcement,pre_announcement,0,0,,,,0,0.0,False,retrospective
2026-01-19T00:00:00+00:00,1,1,0,1,1.0,0,0.0,0,0.0,0,0.0,0.42304496087988264,0.42304496087988264,1,1.0,0.9947,2.2,pre_announcement,pre_announcement,0,0,,,,0,0.0,False,retrospective
2026-01-26T00:00:00+00:00,0,0,0,0,,0,,0,,0,,0.0,,0,,,,pre_announcement,pre_announcement,0,0,,,,0,0.0,False,retrospective
2026-02-02T00:00:00+00:00,1,1,0,1,1.0,0,0.0,0,0.0,1,1.0,0.3945118938878325,0.3945118938878325,1,1.0,0.0,1.8,pre_announcement,pre_announcement,0,0,,,,0,0.0,False,retrospective
2026-02-09T00:00:00+00:00,1,1,0,1,1.0,0,0.0,0,0.0,0,0.0,0.42025804330901895,0.42025804330901895,1,1.0,-0.836,-1.5,pre_announcement,pre_announcement,0,0,,,,0,0.0,False,retrospective
2026-02-16T00:00:00+00:00,2,2,0,2,1.0,1,0.5,0,0.0,0,0.0,1.2967426572310903,0.6483713286155451,2,1.0,0.33965,1.079583686600433,pre_announcement,pre_announcement,0,0,,,,0,0.0,False,retrospective
2026-02-23T00:00:00+00:00,0,0,0,0,,0,,0,,0,,0.0,,0,,,,pre_announcement,pre_announcement,0,0,,,,0,0.0,False,retrospective
2026-03-02T00:00:00+00:00,0,0,0,0,,0,,0,,0,,0.0,,0,,,,pre_announcement,pre_announcement,0,0,,,,0,0.0,False,retrospective
2026-03-09T00:00:00+00:00,0,0,0,0,,0,,0,,0,,0.0,,0,,,,pre_announcement,pre_announcement,0,0,,,,0,0.0,False,retrospective
2026-03-16T00:00:00+00:00,1,1,0,1,1.0,1,1.0,0,0.0,0,0.0,0.3930719218750153,0.3930719218750153,1,1.0,-0.1053,1.7079441541679836,pre_announcement,pre_announcement,0,0,,,,0,0.0,False,retrospective
2026-03-23T00:00:00+00:00,15,15,0,10,0.6666666666666666,1,0.06666666666666667,3,0.2,4,0.26666666666666666,6.851075948132078,0.45673839654213855,15,1.0,0.30493333333333333,1.3778856071305285,pre_announcement,pre_announcement,0,0,,,,0,0.0,False,retrospective
2026-03-30T00:00:00+00:00,46,46,0,37,0.8043478260869565,4,0.08695652173913043,9,0.1956521739130435,16,0.34782608695652173,21.041781745643704,0.4574300379487762,46,1.0,0.43929565217391303,2.0683117972725444,pre_announcement,pre_announcement,0,0,,,,0,0.0,False,retrospective
2026-04-06T00:00:00+00:00,11,11,0,9,0.8181818181818182,2,0.18181818181818182,3,0.2727272727272727,3,0.2727272727272727,4.993485945755758,0.453953267795978,11,1.0,0.3629181818181818,1.8846633276952736,pre_announcement,pre_announcement,0,0,,,,0,0.0,False,retrospective
2026-04-13T00:00:00+00:00,54,54,0,37,0.6851851851851852,5,0.09259259259259259,21,0.3888888888888889,5,0.09259259259259259,26.107650735133177,0.48347501361357736,54,1.0,0.2649592592592593,1.5371495511520663,pre_announcement,pre_announcement,0,0,,,,0,0.0,False,retrospective
2026-04-20T00:00:00+00:00,28,28,0,23,0.8214285714285714,5,0.17857142857142858,5,0.17857142857142858,3,0.10714285714285714,13.168933094940819,0.47031903910502926,28,1.0,0.20868928571428572,1.5196009930173415,pre_announcement,pre_announcement,0,0,,,,0,0.0,False,retrospective
